-- players
INSERT INTO players (id, name, phone, is_active) VALUES ('c985c0ad-5fd1-407b-bbd8-fe62d7d0e127', 'Garrett', '+15550000001', TRUE) ON CONFLICT DO NOTHING;
INSERT INTO players (id, name, phone, is_active) VALUES ('81d040ad-23ec-4338-944d-afb1d8c6f148', 'John', '+15550000002', TRUE) ON CONFLICT DO NOTHING;
INSERT INTO players (id, name, phone, is_active) VALUES ('fab3cb61-90f6-459f-905c-206ea35a398d', 'Andre', '+15550000003', TRUE) ON CONFLICT DO NOTHING;
INSERT INTO players (id, name, phone, is_active) VALUES ('4354b34c-2a56-4c89-9cd3-fb791cf82ceb', 'Jack', '+15550000004', TRUE) ON CONFLICT DO NOTHING;
INSERT INTO players (id, name, phone, is_active) VALUES ('3bf2c262-2524-4c7b-b5cb-d6e73c0d0689', 'Brandtly', '+15550000005', TRUE) ON CONFLICT DO NOTHING;
INSERT INTO players (id, name, phone, is_active) VALUES ('fd25675d-2d35-43c4-9acf-46a40142b0b2', 'Danny', '+15550000006', TRUE) ON CONFLICT DO NOTHING;
INSERT INTO players (id, name, phone, is_active) VALUES ('826945e4-cee8-4c18-8004-fc7624b3740d', 'Jordan', '+15550000007', TRUE) ON CONFLICT DO NOTHING;
INSERT INTO players (id, name, phone, is_active) VALUES ('de1acfb8-32bc-42ee-8515-a8c824444bd6', 'Daniel', '+15550000008', TRUE) ON CONFLICT DO NOTHING;
INSERT INTO players (id, name, phone, is_active) VALUES ('1680646c-4864-4bf8-8cb9-06e5ed475a7a', 'Thomas', '+15550000009', TRUE) ON CONFLICT DO NOTHING;
INSERT INTO players (id, name, phone, is_active) VALUES ('181b08ca-e59b-4b3c-b5ef-eb77a46365e8', 'Nick', '+15550000010', TRUE) ON CONFLICT DO NOTHING;
INSERT INTO players (id, name, phone, is_active) VALUES ('e19c900a-4678-479a-b883-724877cbc6f4', 'CJ', '+15550000011', TRUE) ON CONFLICT DO NOTHING;
INSERT INTO players (id, name, phone, is_active) VALUES ('0f0c43b3-80fc-432a-afc5-aadd767043b8', 'Troy', '+15550000012', TRUE) ON CONFLICT DO NOTHING;
INSERT INTO players (id, name, phone, is_active) VALUES ('7e432834-ff17-4608-9929-cf43b02347ae', 'Hayden', '+15550000013', TRUE) ON CONFLICT DO NOTHING;

-- seasons
INSERT INTO seasons (id, number, league_name, bowling_night, started_at, ended_at) VALUES (1, 1, 'Pindejos Bowling', 'Tuesday', '2025-09-01', '2026-01-01') ON CONFLICT DO NOTHING;
INSERT INTO seasons (id, number, league_name, bowling_night, started_at, ended_at) VALUES (2, 2, 'Pindejos Bowling', 'Tuesday', '2026-01-01', NULL) ON CONFLICT DO NOTHING;

-- weeks
INSERT INTO weeks (id, season_id, week_number, bowled_at, is_confirmed, is_archived) VALUES ('a3b78254-3bf3-4530-9378-1cb3975cc3d5', 1, 1, NULL, TRUE, TRUE) ON CONFLICT DO NOTHING;
INSERT INTO weeks (id, season_id, week_number, bowled_at, is_confirmed, is_archived) VALUES ('70b6cc4d-f68d-48fc-a7ed-34616d01f4cb', 1, 2, NULL, TRUE, TRUE) ON CONFLICT DO NOTHING;
INSERT INTO weeks (id, season_id, week_number, bowled_at, is_confirmed, is_archived) VALUES ('df39a988-efde-4f32-8021-f48c6173f702', 1, 3, NULL, TRUE, TRUE) ON CONFLICT DO NOTHING;
INSERT INTO weeks (id, season_id, week_number, bowled_at, is_confirmed, is_archived) VALUES ('b7342764-d257-4339-a962-e5f5955a31b7', 1, 4, NULL, TRUE, TRUE) ON CONFLICT DO NOTHING;
INSERT INTO weeks (id, season_id, week_number, bowled_at, is_confirmed, is_archived) VALUES ('14b57b82-ec62-43c8-a073-3e4c63f52e3b', 1, 5, NULL, TRUE, TRUE) ON CONFLICT DO NOTHING;
INSERT INTO weeks (id, season_id, week_number, bowled_at, is_confirmed, is_archived) VALUES ('032def10-40cf-4fa0-93d4-49ad112d6125', 1, 6, NULL, TRUE, TRUE) ON CONFLICT DO NOTHING;
INSERT INTO weeks (id, season_id, week_number, bowled_at, is_confirmed, is_archived) VALUES ('ff70dd8b-9ecb-46e0-803c-c60adda86e53', 1, 7, NULL, TRUE, TRUE) ON CONFLICT DO NOTHING;
INSERT INTO weeks (id, season_id, week_number, bowled_at, is_confirmed, is_archived) VALUES ('6c453e0e-f793-490b-b302-9a06ae9e3715', 1, 8, NULL, TRUE, TRUE) ON CONFLICT DO NOTHING;
INSERT INTO weeks (id, season_id, week_number, bowled_at, is_confirmed, is_archived) VALUES ('3f14c31d-e74b-49c6-afe6-4f4df3973b35', 2, 1, NULL, TRUE, TRUE) ON CONFLICT DO NOTHING;
INSERT INTO weeks (id, season_id, week_number, bowled_at, is_confirmed, is_archived) VALUES ('68401d46-9408-42f4-8e9e-7edfc05c3067', 2, 2, NULL, TRUE, TRUE) ON CONFLICT DO NOTHING;
INSERT INTO weeks (id, season_id, week_number, bowled_at, is_confirmed, is_archived) VALUES ('760c7ad1-4d19-46b6-8263-01d91adaae6c', 2, 3, NULL, TRUE, TRUE) ON CONFLICT DO NOTHING;

-- team_slots
INSERT INTO team_slots (id, week_id, player_id, team_number, slot, is_fill) VALUES ('ad190429-b636-4c57-a1d2-d302a84742a9', 'a3b78254-3bf3-4530-9378-1cb3975cc3d5', 'c985c0ad-5fd1-407b-bbd8-fe62d7d0e127', 1, 0, FALSE) ON CONFLICT DO NOTHING;
INSERT INTO team_slots (id, week_id, player_id, team_number, slot, is_fill) VALUES ('61718d9d-3ffd-45e0-9fd5-be924c44d4b2', 'a3b78254-3bf3-4530-9378-1cb3975cc3d5', '3bf2c262-2524-4c7b-b5cb-d6e73c0d0689', 1, 1, FALSE) ON CONFLICT DO NOTHING;
INSERT INTO team_slots (id, week_id, player_id, team_number, slot, is_fill) VALUES ('3d54692c-1267-4598-aaa4-0966d6d848fe', 'a3b78254-3bf3-4530-9378-1cb3975cc3d5', '1680646c-4864-4bf8-8cb9-06e5ed475a7a', 1, 2, FALSE) ON CONFLICT DO NOTHING;
INSERT INTO team_slots (id, week_id, player_id, team_number, slot, is_fill) VALUES ('d1444ef5-f498-4ea3-b9c2-d84172592324', 'a3b78254-3bf3-4530-9378-1cb3975cc3d5', '826945e4-cee8-4c18-8004-fc7624b3740d', 2, 0, FALSE) ON CONFLICT DO NOTHING;
INSERT INTO team_slots (id, week_id, player_id, team_number, slot, is_fill) VALUES ('ca07710a-99ec-4366-bb44-f47d9863e988', 'a3b78254-3bf3-4530-9378-1cb3975cc3d5', NULL, 2, 1, TRUE) ON CONFLICT DO NOTHING;
INSERT INTO team_slots (id, week_id, player_id, team_number, slot, is_fill) VALUES ('8e4b9ca6-3bea-4cdb-8cc0-b510e663dd93', 'a3b78254-3bf3-4530-9378-1cb3975cc3d5', '4354b34c-2a56-4c89-9cd3-fb791cf82ceb', 2, 2, FALSE) ON CONFLICT DO NOTHING;
INSERT INTO team_slots (id, week_id, player_id, team_number, slot, is_fill) VALUES ('08d599cf-cb4f-4cd1-89c9-6aa6c8906cfd', 'a3b78254-3bf3-4530-9378-1cb3975cc3d5', NULL, 3, 0, TRUE) ON CONFLICT DO NOTHING;
INSERT INTO team_slots (id, week_id, player_id, team_number, slot, is_fill) VALUES ('e87cf0b6-67f0-43ee-9e12-88bcf1e29b40', 'a3b78254-3bf3-4530-9378-1cb3975cc3d5', '0f0c43b3-80fc-432a-afc5-aadd767043b8', 3, 1, FALSE) ON CONFLICT DO NOTHING;
INSERT INTO team_slots (id, week_id, player_id, team_number, slot, is_fill) VALUES ('97623757-4452-4ebe-a64d-647ab500a7bc', 'a3b78254-3bf3-4530-9378-1cb3975cc3d5', '81d040ad-23ec-4338-944d-afb1d8c6f148', 3, 2, FALSE) ON CONFLICT DO NOTHING;
INSERT INTO team_slots (id, week_id, player_id, team_number, slot, is_fill) VALUES ('9bbe5166-edf6-4a9b-954d-aa73cfc05000', 'a3b78254-3bf3-4530-9378-1cb3975cc3d5', 'de1acfb8-32bc-42ee-8515-a8c824444bd6', 4, 0, FALSE) ON CONFLICT DO NOTHING;
INSERT INTO team_slots (id, week_id, player_id, team_number, slot, is_fill) VALUES ('59a12ae7-8248-48a1-818d-e820aa770879', 'a3b78254-3bf3-4530-9378-1cb3975cc3d5', NULL, 4, 1, TRUE) ON CONFLICT DO NOTHING;
INSERT INTO team_slots (id, week_id, player_id, team_number, slot, is_fill) VALUES ('f0b8b3b2-59c7-4ee2-9ac3-b1e1b9913e35', 'a3b78254-3bf3-4530-9378-1cb3975cc3d5', '181b08ca-e59b-4b3c-b5ef-eb77a46365e8', 4, 2, FALSE) ON CONFLICT DO NOTHING;
INSERT INTO team_slots (id, week_id, player_id, team_number, slot, is_fill) VALUES ('34aed231-4860-42c7-892c-d0a4f9d9299e', '70b6cc4d-f68d-48fc-a7ed-34616d01f4cb', '826945e4-cee8-4c18-8004-fc7624b3740d', 1, 0, FALSE) ON CONFLICT DO NOTHING;
INSERT INTO team_slots (id, week_id, player_id, team_number, slot, is_fill) VALUES ('d24a1513-f0b7-4677-ae21-03c078569709', '70b6cc4d-f68d-48fc-a7ed-34616d01f4cb', '1680646c-4864-4bf8-8cb9-06e5ed475a7a', 1, 1, FALSE) ON CONFLICT DO NOTHING;
INSERT INTO team_slots (id, week_id, player_id, team_number, slot, is_fill) VALUES ('9d2ba59e-c812-4d1f-9f41-bb80d7c8cf66', '70b6cc4d-f68d-48fc-a7ed-34616d01f4cb', NULL, 1, 2, TRUE) ON CONFLICT DO NOTHING;
INSERT INTO team_slots (id, week_id, player_id, team_number, slot, is_fill) VALUES ('13034797-dbf6-46df-9551-32b552a5519a', '70b6cc4d-f68d-48fc-a7ed-34616d01f4cb', '4354b34c-2a56-4c89-9cd3-fb791cf82ceb', 2, 0, FALSE) ON CONFLICT DO NOTHING;
INSERT INTO team_slots (id, week_id, player_id, team_number, slot, is_fill) VALUES ('75a7e044-46ba-4a4f-8ace-64c2e896700e', '70b6cc4d-f68d-48fc-a7ed-34616d01f4cb', '81d040ad-23ec-4338-944d-afb1d8c6f148', 2, 1, FALSE) ON CONFLICT DO NOTHING;
INSERT INTO team_slots (id, week_id, player_id, team_number, slot, is_fill) VALUES ('ff90f997-8c3b-42d8-90f5-bc004973999a', '70b6cc4d-f68d-48fc-a7ed-34616d01f4cb', NULL, 2, 2, TRUE) ON CONFLICT DO NOTHING;
INSERT INTO team_slots (id, week_id, player_id, team_number, slot, is_fill) VALUES ('abc7e657-b3f2-4386-be23-89574d3ba828', '70b6cc4d-f68d-48fc-a7ed-34616d01f4cb', 'fab3cb61-90f6-459f-905c-206ea35a398d', 3, 0, FALSE) ON CONFLICT DO NOTHING;
INSERT INTO team_slots (id, week_id, player_id, team_number, slot, is_fill) VALUES ('d888b20d-4df5-4035-9cd3-8b59b47971be', '70b6cc4d-f68d-48fc-a7ed-34616d01f4cb', 'de1acfb8-32bc-42ee-8515-a8c824444bd6', 3, 1, FALSE) ON CONFLICT DO NOTHING;
INSERT INTO team_slots (id, week_id, player_id, team_number, slot, is_fill) VALUES ('98e51077-a94a-409c-936c-fd9aa66b0000', '70b6cc4d-f68d-48fc-a7ed-34616d01f4cb', NULL, 3, 2, TRUE) ON CONFLICT DO NOTHING;
INSERT INTO team_slots (id, week_id, player_id, team_number, slot, is_fill) VALUES ('636e0316-2924-47a2-bc38-1096029f9df4', '70b6cc4d-f68d-48fc-a7ed-34616d01f4cb', 'c985c0ad-5fd1-407b-bbd8-fe62d7d0e127', 4, 0, FALSE) ON CONFLICT DO NOTHING;
INSERT INTO team_slots (id, week_id, player_id, team_number, slot, is_fill) VALUES ('7468d1e7-934e-453a-bdfe-66633112b341', '70b6cc4d-f68d-48fc-a7ed-34616d01f4cb', '181b08ca-e59b-4b3c-b5ef-eb77a46365e8', 4, 1, FALSE) ON CONFLICT DO NOTHING;
INSERT INTO team_slots (id, week_id, player_id, team_number, slot, is_fill) VALUES ('e7b42307-3827-4234-815a-f948a33cf203', '70b6cc4d-f68d-48fc-a7ed-34616d01f4cb', NULL, 4, 2, TRUE) ON CONFLICT DO NOTHING;
INSERT INTO team_slots (id, week_id, player_id, team_number, slot, is_fill) VALUES ('0a9aff60-1269-46ad-ab63-6d2fe42874fa', 'df39a988-efde-4f32-8021-f48c6173f702', '0f0c43b3-80fc-432a-afc5-aadd767043b8', 1, 0, FALSE) ON CONFLICT DO NOTHING;
INSERT INTO team_slots (id, week_id, player_id, team_number, slot, is_fill) VALUES ('46de32c2-7254-46ab-8123-37b9c10e7337', 'df39a988-efde-4f32-8021-f48c6173f702', 'de1acfb8-32bc-42ee-8515-a8c824444bd6', 1, 1, FALSE) ON CONFLICT DO NOTHING;
INSERT INTO team_slots (id, week_id, player_id, team_number, slot, is_fill) VALUES ('c0a04b80-1f08-4a10-ba1f-7052533b8bcf', 'df39a988-efde-4f32-8021-f48c6173f702', NULL, 1, 2, TRUE) ON CONFLICT DO NOTHING;
INSERT INTO team_slots (id, week_id, player_id, team_number, slot, is_fill) VALUES ('701b27aa-4aa6-4bcd-aebf-fb33c97b13c1', 'df39a988-efde-4f32-8021-f48c6173f702', 'e19c900a-4678-479a-b883-724877cbc6f4', 2, 0, FALSE) ON CONFLICT DO NOTHING;
INSERT INTO team_slots (id, week_id, player_id, team_number, slot, is_fill) VALUES ('2ccf7d80-e1c0-42b2-9905-a5ae820e7600', 'df39a988-efde-4f32-8021-f48c6173f702', '181b08ca-e59b-4b3c-b5ef-eb77a46365e8', 2, 1, FALSE) ON CONFLICT DO NOTHING;
INSERT INTO team_slots (id, week_id, player_id, team_number, slot, is_fill) VALUES ('9604955c-1881-461d-a9e9-4906905a1b51', 'df39a988-efde-4f32-8021-f48c6173f702', NULL, 2, 2, TRUE) ON CONFLICT DO NOTHING;
INSERT INTO team_slots (id, week_id, player_id, team_number, slot, is_fill) VALUES ('326a5853-abc7-4cfc-bc0a-21e8557d0204', 'df39a988-efde-4f32-8021-f48c6173f702', 'fd25675d-2d35-43c4-9acf-46a40142b0b2', 3, 0, FALSE) ON CONFLICT DO NOTHING;
INSERT INTO team_slots (id, week_id, player_id, team_number, slot, is_fill) VALUES ('f618d624-0757-40d1-9eff-ad99ad8d93e4', 'df39a988-efde-4f32-8021-f48c6173f702', '826945e4-cee8-4c18-8004-fc7624b3740d', 3, 1, FALSE) ON CONFLICT DO NOTHING;
INSERT INTO team_slots (id, week_id, player_id, team_number, slot, is_fill) VALUES ('39a68a38-6e29-4046-aea1-1ea901bbcca1', 'df39a988-efde-4f32-8021-f48c6173f702', NULL, 3, 2, TRUE) ON CONFLICT DO NOTHING;
INSERT INTO team_slots (id, week_id, player_id, team_number, slot, is_fill) VALUES ('f9152b3c-b37a-4fb4-9518-a1705c90f48d', 'df39a988-efde-4f32-8021-f48c6173f702', 'fab3cb61-90f6-459f-905c-206ea35a398d', 4, 0, FALSE) ON CONFLICT DO NOTHING;
INSERT INTO team_slots (id, week_id, player_id, team_number, slot, is_fill) VALUES ('0f5fc1f4-79f2-48ac-80bd-b5aa7b6afec1', 'df39a988-efde-4f32-8021-f48c6173f702', '4354b34c-2a56-4c89-9cd3-fb791cf82ceb', 4, 1, FALSE) ON CONFLICT DO NOTHING;
INSERT INTO team_slots (id, week_id, player_id, team_number, slot, is_fill) VALUES ('4ba7c9fc-1a08-44d5-a216-e46c9b4f80e7', 'df39a988-efde-4f32-8021-f48c6173f702', NULL, 4, 2, TRUE) ON CONFLICT DO NOTHING;
INSERT INTO team_slots (id, week_id, player_id, team_number, slot, is_fill) VALUES ('24def6f8-be85-4c57-abfb-30eb5e09579d', 'b7342764-d257-4339-a962-e5f5955a31b7', '181b08ca-e59b-4b3c-b5ef-eb77a46365e8', 1, 0, FALSE) ON CONFLICT DO NOTHING;
INSERT INTO team_slots (id, week_id, player_id, team_number, slot, is_fill) VALUES ('b193c7cd-73ec-4273-bfb7-047f05d03dd0', 'b7342764-d257-4339-a962-e5f5955a31b7', '81d040ad-23ec-4338-944d-afb1d8c6f148', 1, 1, FALSE) ON CONFLICT DO NOTHING;
INSERT INTO team_slots (id, week_id, player_id, team_number, slot, is_fill) VALUES ('90495083-7e3c-4f97-b496-1d7e31e2e91d', 'b7342764-d257-4339-a962-e5f5955a31b7', NULL, 1, 2, TRUE) ON CONFLICT DO NOTHING;
INSERT INTO team_slots (id, week_id, player_id, team_number, slot, is_fill) VALUES ('9eb28a34-cb05-4b2a-b951-2a8857ad8157', 'b7342764-d257-4339-a962-e5f5955a31b7', '1680646c-4864-4bf8-8cb9-06e5ed475a7a', 2, 0, FALSE) ON CONFLICT DO NOTHING;
INSERT INTO team_slots (id, week_id, player_id, team_number, slot, is_fill) VALUES ('e8da453c-b993-4865-92b6-48dd3fbaf0c7', 'b7342764-d257-4339-a962-e5f5955a31b7', '4354b34c-2a56-4c89-9cd3-fb791cf82ceb', 2, 1, FALSE) ON CONFLICT DO NOTHING;
INSERT INTO team_slots (id, week_id, player_id, team_number, slot, is_fill) VALUES ('88c5ba76-660d-4e3b-96dc-70ff205fe7b6', 'b7342764-d257-4339-a962-e5f5955a31b7', 'fd25675d-2d35-43c4-9acf-46a40142b0b2', 2, 2, FALSE) ON CONFLICT DO NOTHING;
INSERT INTO team_slots (id, week_id, player_id, team_number, slot, is_fill) VALUES ('ad9025f7-6669-44e7-9298-23435b463148', 'b7342764-d257-4339-a962-e5f5955a31b7', 'de1acfb8-32bc-42ee-8515-a8c824444bd6', 3, 0, FALSE) ON CONFLICT DO NOTHING;
INSERT INTO team_slots (id, week_id, player_id, team_number, slot, is_fill) VALUES ('8c7338d2-fa98-4bb4-89a7-a5cd65d6e2ce', 'b7342764-d257-4339-a962-e5f5955a31b7', 'c985c0ad-5fd1-407b-bbd8-fe62d7d0e127', 3, 1, FALSE) ON CONFLICT DO NOTHING;
INSERT INTO team_slots (id, week_id, player_id, team_number, slot, is_fill) VALUES ('56341ae9-da9f-4e4b-a667-bb4c4ba9cabc', 'b7342764-d257-4339-a962-e5f5955a31b7', NULL, 3, 2, TRUE) ON CONFLICT DO NOTHING;
INSERT INTO team_slots (id, week_id, player_id, team_number, slot, is_fill) VALUES ('ebb16eea-6ad8-4399-bf6e-b84a61524ece', 'b7342764-d257-4339-a962-e5f5955a31b7', '3bf2c262-2524-4c7b-b5cb-d6e73c0d0689', 4, 0, FALSE) ON CONFLICT DO NOTHING;
INSERT INTO team_slots (id, week_id, player_id, team_number, slot, is_fill) VALUES ('454de5a6-ee32-4ee9-8241-49693054183e', 'b7342764-d257-4339-a962-e5f5955a31b7', 'fab3cb61-90f6-459f-905c-206ea35a398d', 4, 1, FALSE) ON CONFLICT DO NOTHING;
INSERT INTO team_slots (id, week_id, player_id, team_number, slot, is_fill) VALUES ('ad787f8a-fa66-4a91-9831-3aea3a502569', 'b7342764-d257-4339-a962-e5f5955a31b7', '826945e4-cee8-4c18-8004-fc7624b3740d', 4, 2, FALSE) ON CONFLICT DO NOTHING;
INSERT INTO team_slots (id, week_id, player_id, team_number, slot, is_fill) VALUES ('d75365ed-1ccf-40ef-a678-812ba54f4e67', '14b57b82-ec62-43c8-a073-3e4c63f52e3b', 'e19c900a-4678-479a-b883-724877cbc6f4', 1, 0, FALSE) ON CONFLICT DO NOTHING;
INSERT INTO team_slots (id, week_id, player_id, team_number, slot, is_fill) VALUES ('43dd3f7e-0f18-4eb1-8743-4a48f2744949', '14b57b82-ec62-43c8-a073-3e4c63f52e3b', '81d040ad-23ec-4338-944d-afb1d8c6f148', 1, 1, FALSE) ON CONFLICT DO NOTHING;
INSERT INTO team_slots (id, week_id, player_id, team_number, slot, is_fill) VALUES ('c2b30b3d-8b8e-4928-934a-aef9c1161aa4', '14b57b82-ec62-43c8-a073-3e4c63f52e3b', NULL, 1, 2, TRUE) ON CONFLICT DO NOTHING;
INSERT INTO team_slots (id, week_id, player_id, team_number, slot, is_fill) VALUES ('9276f317-cd27-48d5-9592-9f01c7b16375', '14b57b82-ec62-43c8-a073-3e4c63f52e3b', 'c985c0ad-5fd1-407b-bbd8-fe62d7d0e127', 2, 0, FALSE) ON CONFLICT DO NOTHING;
INSERT INTO team_slots (id, week_id, player_id, team_number, slot, is_fill) VALUES ('bf1a2757-2035-45f6-b3cb-d92575aeb939', '14b57b82-ec62-43c8-a073-3e4c63f52e3b', '826945e4-cee8-4c18-8004-fc7624b3740d', 2, 1, FALSE) ON CONFLICT DO NOTHING;
INSERT INTO team_slots (id, week_id, player_id, team_number, slot, is_fill) VALUES ('87f8c3aa-183e-4dfe-8014-a67e4cdd23d5', '14b57b82-ec62-43c8-a073-3e4c63f52e3b', NULL, 2, 2, TRUE) ON CONFLICT DO NOTHING;
INSERT INTO team_slots (id, week_id, player_id, team_number, slot, is_fill) VALUES ('6dea3cd8-ea91-4f69-9804-716373d4eda0', '14b57b82-ec62-43c8-a073-3e4c63f52e3b', '3bf2c262-2524-4c7b-b5cb-d6e73c0d0689', 3, 0, FALSE) ON CONFLICT DO NOTHING;
INSERT INTO team_slots (id, week_id, player_id, team_number, slot, is_fill) VALUES ('f1ea764c-fc9b-4dc3-b6a5-b56a957ae0ab', '14b57b82-ec62-43c8-a073-3e4c63f52e3b', 'de1acfb8-32bc-42ee-8515-a8c824444bd6', 3, 1, FALSE) ON CONFLICT DO NOTHING;
INSERT INTO team_slots (id, week_id, player_id, team_number, slot, is_fill) VALUES ('5a458565-b38d-41bd-b374-1967778db5a3', '14b57b82-ec62-43c8-a073-3e4c63f52e3b', NULL, 3, 2, TRUE) ON CONFLICT DO NOTHING;
INSERT INTO team_slots (id, week_id, player_id, team_number, slot, is_fill) VALUES ('449c44c5-4c75-4905-ba22-bc420df0ceec', '14b57b82-ec62-43c8-a073-3e4c63f52e3b', '181b08ca-e59b-4b3c-b5ef-eb77a46365e8', 4, 0, FALSE) ON CONFLICT DO NOTHING;
INSERT INTO team_slots (id, week_id, player_id, team_number, slot, is_fill) VALUES ('52cda448-341e-4932-bfed-cb0d9b82fc31', '14b57b82-ec62-43c8-a073-3e4c63f52e3b', 'fd25675d-2d35-43c4-9acf-46a40142b0b2', 4, 1, FALSE) ON CONFLICT DO NOTHING;
INSERT INTO team_slots (id, week_id, player_id, team_number, slot, is_fill) VALUES ('0df92c98-1602-452d-8d82-28ccd2d89878', '14b57b82-ec62-43c8-a073-3e4c63f52e3b', '0f0c43b3-80fc-432a-afc5-aadd767043b8', 4, 2, FALSE) ON CONFLICT DO NOTHING;
INSERT INTO team_slots (id, week_id, player_id, team_number, slot, is_fill) VALUES ('53da1b01-b06b-4632-a38a-88d3ca1698ed', '032def10-40cf-4fa0-93d4-49ad112d6125', 'c985c0ad-5fd1-407b-bbd8-fe62d7d0e127', 1, 0, FALSE) ON CONFLICT DO NOTHING;
INSERT INTO team_slots (id, week_id, player_id, team_number, slot, is_fill) VALUES ('c852423c-98ad-42a3-a0e6-b1a61803b895', '032def10-40cf-4fa0-93d4-49ad112d6125', '181b08ca-e59b-4b3c-b5ef-eb77a46365e8', 1, 1, FALSE) ON CONFLICT DO NOTHING;
INSERT INTO team_slots (id, week_id, player_id, team_number, slot, is_fill) VALUES ('49e6cbf7-daa9-4e0a-8bc6-efe9651dabff', '032def10-40cf-4fa0-93d4-49ad112d6125', NULL, 1, 2, TRUE) ON CONFLICT DO NOTHING;
INSERT INTO team_slots (id, week_id, player_id, team_number, slot, is_fill) VALUES ('4bf5a30c-75de-4e0a-a123-1a8f4b447ad8', '032def10-40cf-4fa0-93d4-49ad112d6125', 'fd25675d-2d35-43c4-9acf-46a40142b0b2', 2, 0, FALSE) ON CONFLICT DO NOTHING;
INSERT INTO team_slots (id, week_id, player_id, team_number, slot, is_fill) VALUES ('360fd429-87f6-4f50-b59f-d6da5801a9b5', '032def10-40cf-4fa0-93d4-49ad112d6125', '826945e4-cee8-4c18-8004-fc7624b3740d', 2, 1, FALSE) ON CONFLICT DO NOTHING;
INSERT INTO team_slots (id, week_id, player_id, team_number, slot, is_fill) VALUES ('ffef5342-b36f-4c97-8987-8ed47b5d5eca', '032def10-40cf-4fa0-93d4-49ad112d6125', '3bf2c262-2524-4c7b-b5cb-d6e73c0d0689', 2, 2, FALSE) ON CONFLICT DO NOTHING;
INSERT INTO team_slots (id, week_id, player_id, team_number, slot, is_fill) VALUES ('bbdc4701-fa09-4859-901f-a8144232eabf', 'ff70dd8b-9ecb-46e0-803c-c60adda86e53', 'de1acfb8-32bc-42ee-8515-a8c824444bd6', 1, 0, FALSE) ON CONFLICT DO NOTHING;
INSERT INTO team_slots (id, week_id, player_id, team_number, slot, is_fill) VALUES ('600f0af2-3418-4812-984b-2691a2e49575', 'ff70dd8b-9ecb-46e0-803c-c60adda86e53', '826945e4-cee8-4c18-8004-fc7624b3740d', 1, 1, FALSE) ON CONFLICT DO NOTHING;
INSERT INTO team_slots (id, week_id, player_id, team_number, slot, is_fill) VALUES ('c99159fe-9a6c-42ad-b427-b873bea27d7a', 'ff70dd8b-9ecb-46e0-803c-c60adda86e53', '0f0c43b3-80fc-432a-afc5-aadd767043b8', 1, 2, FALSE) ON CONFLICT DO NOTHING;
INSERT INTO team_slots (id, week_id, player_id, team_number, slot, is_fill) VALUES ('55e7022c-45c7-4163-be24-a406d4501736', 'ff70dd8b-9ecb-46e0-803c-c60adda86e53', 'e19c900a-4678-479a-b883-724877cbc6f4', 2, 0, FALSE) ON CONFLICT DO NOTHING;
INSERT INTO team_slots (id, week_id, player_id, team_number, slot, is_fill) VALUES ('9e0baa9e-5b9b-49a5-ae64-1653fa5f109f', 'ff70dd8b-9ecb-46e0-803c-c60adda86e53', '4354b34c-2a56-4c89-9cd3-fb791cf82ceb', 2, 1, FALSE) ON CONFLICT DO NOTHING;
INSERT INTO team_slots (id, week_id, player_id, team_number, slot, is_fill) VALUES ('f4e8f5de-c041-44eb-b761-7e0e8ac37ebe', 'ff70dd8b-9ecb-46e0-803c-c60adda86e53', '3bf2c262-2524-4c7b-b5cb-d6e73c0d0689', 2, 2, FALSE) ON CONFLICT DO NOTHING;
INSERT INTO team_slots (id, week_id, player_id, team_number, slot, is_fill) VALUES ('8c46e3bc-3952-4a9b-9bf7-9da77bec47fe', '6c453e0e-f793-490b-b302-9a06ae9e3715', 'c985c0ad-5fd1-407b-bbd8-fe62d7d0e127', 1, 0, FALSE) ON CONFLICT DO NOTHING;
INSERT INTO team_slots (id, week_id, player_id, team_number, slot, is_fill) VALUES ('76ec7638-f812-452f-a933-31b45fb3e47b', '6c453e0e-f793-490b-b302-9a06ae9e3715', '81d040ad-23ec-4338-944d-afb1d8c6f148', 1, 1, FALSE) ON CONFLICT DO NOTHING;
INSERT INTO team_slots (id, week_id, player_id, team_number, slot, is_fill) VALUES ('a6b2d60d-2fe7-4d51-87bb-32933e7956e9', '6c453e0e-f793-490b-b302-9a06ae9e3715', 'fab3cb61-90f6-459f-905c-206ea35a398d', 1, 2, FALSE) ON CONFLICT DO NOTHING;
INSERT INTO team_slots (id, week_id, player_id, team_number, slot, is_fill) VALUES ('f8616ca4-3fac-47b5-bcf0-10db511e00e8', '6c453e0e-f793-490b-b302-9a06ae9e3715', '4354b34c-2a56-4c89-9cd3-fb791cf82ceb', 2, 0, FALSE) ON CONFLICT DO NOTHING;
INSERT INTO team_slots (id, week_id, player_id, team_number, slot, is_fill) VALUES ('e2b69bdd-ee39-4251-bc65-a4d12448aae6', '6c453e0e-f793-490b-b302-9a06ae9e3715', '3bf2c262-2524-4c7b-b5cb-d6e73c0d0689', 2, 1, FALSE) ON CONFLICT DO NOTHING;
INSERT INTO team_slots (id, week_id, player_id, team_number, slot, is_fill) VALUES ('5a8616d5-5a19-4800-83c0-434219cf03b2', '6c453e0e-f793-490b-b302-9a06ae9e3715', 'fd25675d-2d35-43c4-9acf-46a40142b0b2', 2, 2, FALSE) ON CONFLICT DO NOTHING;
INSERT INTO team_slots (id, week_id, player_id, team_number, slot, is_fill) VALUES ('271ee948-6f73-4f34-a63f-b02b5a244f3b', '6c453e0e-f793-490b-b302-9a06ae9e3715', '826945e4-cee8-4c18-8004-fc7624b3740d', 3, 0, FALSE) ON CONFLICT DO NOTHING;
INSERT INTO team_slots (id, week_id, player_id, team_number, slot, is_fill) VALUES ('c7f85705-7421-42e0-bd8c-f31874376b46', '6c453e0e-f793-490b-b302-9a06ae9e3715', NULL, 3, 1, TRUE) ON CONFLICT DO NOTHING;
INSERT INTO team_slots (id, week_id, player_id, team_number, slot, is_fill) VALUES ('90a8189a-1334-4440-bbf9-9e8c4141c704', '6c453e0e-f793-490b-b302-9a06ae9e3715', NULL, 3, 2, TRUE) ON CONFLICT DO NOTHING;
INSERT INTO team_slots (id, week_id, player_id, team_number, slot, is_fill) VALUES ('0e34af35-d45a-4ac1-a819-910ca26f8ce6', '6c453e0e-f793-490b-b302-9a06ae9e3715', '181b08ca-e59b-4b3c-b5ef-eb77a46365e8', 4, 0, FALSE) ON CONFLICT DO NOTHING;
INSERT INTO team_slots (id, week_id, player_id, team_number, slot, is_fill) VALUES ('529ca780-945d-465e-bb0b-58a909672cb1', '6c453e0e-f793-490b-b302-9a06ae9e3715', '0f0c43b3-80fc-432a-afc5-aadd767043b8', 4, 1, FALSE) ON CONFLICT DO NOTHING;
INSERT INTO team_slots (id, week_id, player_id, team_number, slot, is_fill) VALUES ('d8e0cbc4-f8bd-4ea9-a91c-9e7a25ebe98c', '6c453e0e-f793-490b-b302-9a06ae9e3715', NULL, 4, 2, TRUE) ON CONFLICT DO NOTHING;
INSERT INTO team_slots (id, week_id, player_id, team_number, slot, is_fill) VALUES ('29dd9180-9b6b-4593-ab60-6720ffa0a79b', '3f14c31d-e74b-49c6-afe6-4f4df3973b35', '81d040ad-23ec-4338-944d-afb1d8c6f148', 1, 0, FALSE) ON CONFLICT DO NOTHING;
INSERT INTO team_slots (id, week_id, player_id, team_number, slot, is_fill) VALUES ('a775e15f-20c9-4cf1-a0c8-1d02bf2d4f48', '3f14c31d-e74b-49c6-afe6-4f4df3973b35', '826945e4-cee8-4c18-8004-fc7624b3740d', 1, 1, FALSE) ON CONFLICT DO NOTHING;
INSERT INTO team_slots (id, week_id, player_id, team_number, slot, is_fill) VALUES ('f1a898e1-2625-44ed-8489-8681ceda4adf', '3f14c31d-e74b-49c6-afe6-4f4df3973b35', '181b08ca-e59b-4b3c-b5ef-eb77a46365e8', 1, 2, FALSE) ON CONFLICT DO NOTHING;
INSERT INTO team_slots (id, week_id, player_id, team_number, slot, is_fill) VALUES ('4c148bcc-bea4-4a69-9015-a38d42a1018d', '3f14c31d-e74b-49c6-afe6-4f4df3973b35', NULL, 1, 3, TRUE) ON CONFLICT DO NOTHING;
INSERT INTO team_slots (id, week_id, player_id, team_number, slot, is_fill) VALUES ('31b2fb50-cca1-431d-af32-814d31e0ae7b', '3f14c31d-e74b-49c6-afe6-4f4df3973b35', 'de1acfb8-32bc-42ee-8515-a8c824444bd6', 2, 0, FALSE) ON CONFLICT DO NOTHING;
INSERT INTO team_slots (id, week_id, player_id, team_number, slot, is_fill) VALUES ('f6af1a5b-ce0a-4f9a-a5b9-3e977ec48c3f', '3f14c31d-e74b-49c6-afe6-4f4df3973b35', 'e19c900a-4678-479a-b883-724877cbc6f4', 2, 1, FALSE) ON CONFLICT DO NOTHING;
INSERT INTO team_slots (id, week_id, player_id, team_number, slot, is_fill) VALUES ('bbeb45e0-f48c-46a5-815b-895e1ab54a17', '3f14c31d-e74b-49c6-afe6-4f4df3973b35', 'c985c0ad-5fd1-407b-bbd8-fe62d7d0e127', 2, 2, FALSE) ON CONFLICT DO NOTHING;
INSERT INTO team_slots (id, week_id, player_id, team_number, slot, is_fill) VALUES ('71232296-b446-4688-b2dc-4cb51fe0c936', '3f14c31d-e74b-49c6-afe6-4f4df3973b35', 'fab3cb61-90f6-459f-905c-206ea35a398d', 2, 3, FALSE) ON CONFLICT DO NOTHING;
INSERT INTO team_slots (id, week_id, player_id, team_number, slot, is_fill) VALUES ('f978e28b-0fc0-415c-9175-b1dcebbb276f', '68401d46-9408-42f4-8e9e-7edfc05c3067', 'e19c900a-4678-479a-b883-724877cbc6f4', 1, 0, FALSE) ON CONFLICT DO NOTHING;
INSERT INTO team_slots (id, week_id, player_id, team_number, slot, is_fill) VALUES ('8b6c8650-8191-4266-955e-717a50b5eac2', '68401d46-9408-42f4-8e9e-7edfc05c3067', 'c985c0ad-5fd1-407b-bbd8-fe62d7d0e127', 1, 1, FALSE) ON CONFLICT DO NOTHING;
INSERT INTO team_slots (id, week_id, player_id, team_number, slot, is_fill) VALUES ('7805bd7e-8c1d-47f5-a9f8-500ac284179b', '68401d46-9408-42f4-8e9e-7edfc05c3067', '3bf2c262-2524-4c7b-b5cb-d6e73c0d0689', 1, 2, FALSE) ON CONFLICT DO NOTHING;
INSERT INTO team_slots (id, week_id, player_id, team_number, slot, is_fill) VALUES ('e53868de-ea93-445a-8023-c6cb2c64592f', '68401d46-9408-42f4-8e9e-7edfc05c3067', '0f0c43b3-80fc-432a-afc5-aadd767043b8', 1, 3, FALSE) ON CONFLICT DO NOTHING;
INSERT INTO team_slots (id, week_id, player_id, team_number, slot, is_fill) VALUES ('3460b8b6-b174-48c0-98a8-1f93e460821e', '68401d46-9408-42f4-8e9e-7edfc05c3067', '81d040ad-23ec-4338-944d-afb1d8c6f148', 2, 0, FALSE) ON CONFLICT DO NOTHING;
INSERT INTO team_slots (id, week_id, player_id, team_number, slot, is_fill) VALUES ('6fc135f6-40b0-4997-ab79-29ae551c3b1b', '68401d46-9408-42f4-8e9e-7edfc05c3067', 'fd25675d-2d35-43c4-9acf-46a40142b0b2', 2, 1, FALSE) ON CONFLICT DO NOTHING;
INSERT INTO team_slots (id, week_id, player_id, team_number, slot, is_fill) VALUES ('b42f1b68-cefe-446f-8269-77480fd6704a', '68401d46-9408-42f4-8e9e-7edfc05c3067', '181b08ca-e59b-4b3c-b5ef-eb77a46365e8', 2, 2, FALSE) ON CONFLICT DO NOTHING;
INSERT INTO team_slots (id, week_id, player_id, team_number, slot, is_fill) VALUES ('67373ba1-d525-4638-9e5d-a7debadba302', '68401d46-9408-42f4-8e9e-7edfc05c3067', '7e432834-ff17-4608-9929-cf43b02347ae', 2, 3, FALSE) ON CONFLICT DO NOTHING;
INSERT INTO team_slots (id, week_id, player_id, team_number, slot, is_fill) VALUES ('6cc52552-b86f-45ff-a87f-118f3a61d63d', '760c7ad1-4d19-46b6-8263-01d91adaae6c', 'e19c900a-4678-479a-b883-724877cbc6f4', 1, 0, FALSE) ON CONFLICT DO NOTHING;
INSERT INTO team_slots (id, week_id, player_id, team_number, slot, is_fill) VALUES ('56347bbd-9ec7-44fd-833e-409ac589aee2', '760c7ad1-4d19-46b6-8263-01d91adaae6c', '181b08ca-e59b-4b3c-b5ef-eb77a46365e8', 1, 1, FALSE) ON CONFLICT DO NOTHING;
INSERT INTO team_slots (id, week_id, player_id, team_number, slot, is_fill) VALUES ('60e8d132-c44b-47d9-ab23-97f852f3a808', '760c7ad1-4d19-46b6-8263-01d91adaae6c', 'fd25675d-2d35-43c4-9acf-46a40142b0b2', 1, 2, FALSE) ON CONFLICT DO NOTHING;
INSERT INTO team_slots (id, week_id, player_id, team_number, slot, is_fill) VALUES ('378c88b7-0533-4a43-8539-ceadf394db38', '760c7ad1-4d19-46b6-8263-01d91adaae6c', '826945e4-cee8-4c18-8004-fc7624b3740d', 1, 3, FALSE) ON CONFLICT DO NOTHING;
INSERT INTO team_slots (id, week_id, player_id, team_number, slot, is_fill) VALUES ('a89edab2-b3ad-4bfb-9c13-eff6f93990a3', '760c7ad1-4d19-46b6-8263-01d91adaae6c', '4354b34c-2a56-4c89-9cd3-fb791cf82ceb', 2, 0, FALSE) ON CONFLICT DO NOTHING;
INSERT INTO team_slots (id, week_id, player_id, team_number, slot, is_fill) VALUES ('19f44882-a996-46ed-948d-298dda7b1090', '760c7ad1-4d19-46b6-8263-01d91adaae6c', 'c985c0ad-5fd1-407b-bbd8-fe62d7d0e127', 2, 1, FALSE) ON CONFLICT DO NOTHING;
INSERT INTO team_slots (id, week_id, player_id, team_number, slot, is_fill) VALUES ('c516cc82-fbd8-4e2c-8c25-298dd2efc74b', '760c7ad1-4d19-46b6-8263-01d91adaae6c', '7e432834-ff17-4608-9929-cf43b02347ae', 2, 2, FALSE) ON CONFLICT DO NOTHING;
INSERT INTO team_slots (id, week_id, player_id, team_number, slot, is_fill) VALUES ('b78f312c-e596-4901-9525-86933a3f8759', '760c7ad1-4d19-46b6-8263-01d91adaae6c', '3bf2c262-2524-4c7b-b5cb-d6e73c0d0689', 2, 3, FALSE) ON CONFLICT DO NOTHING;

-- game_schedule
INSERT INTO game_schedule (id, week_id, game_number, team_a, team_b) VALUES ('e2c94dfe-a944-43c8-a837-dfe4118dd7d1', 'a3b78254-3bf3-4530-9378-1cb3975cc3d5', 1, 1, 2) ON CONFLICT DO NOTHING;
INSERT INTO game_schedule (id, week_id, game_number, team_a, team_b) VALUES ('8f345688-34cd-4d00-a920-0301bfd07ce8', 'a3b78254-3bf3-4530-9378-1cb3975cc3d5', 2, 1, 4) ON CONFLICT DO NOTHING;
INSERT INTO game_schedule (id, week_id, game_number, team_a, team_b) VALUES ('4dbac911-2fba-4b58-a42b-a0d991de38e5', 'a3b78254-3bf3-4530-9378-1cb3975cc3d5', 2, 2, 3) ON CONFLICT DO NOTHING;
INSERT INTO game_schedule (id, week_id, game_number, team_a, team_b) VALUES ('57d9b7bc-a27e-44c0-a176-04269e6fbf32', 'a3b78254-3bf3-4530-9378-1cb3975cc3d5', 1, 3, 4) ON CONFLICT DO NOTHING;
INSERT INTO game_schedule (id, week_id, game_number, team_a, team_b) VALUES ('b434f133-b712-4109-90d0-6b8907961b80', '70b6cc4d-f68d-48fc-a7ed-34616d01f4cb', 1, 1, 2) ON CONFLICT DO NOTHING;
INSERT INTO game_schedule (id, week_id, game_number, team_a, team_b) VALUES ('11cd8d72-bcc7-4b8e-aaa4-74399452452c', '70b6cc4d-f68d-48fc-a7ed-34616d01f4cb', 2, 1, 4) ON CONFLICT DO NOTHING;
INSERT INTO game_schedule (id, week_id, game_number, team_a, team_b) VALUES ('b46a5944-8df6-4091-9b32-863481f52177', '70b6cc4d-f68d-48fc-a7ed-34616d01f4cb', 2, 2, 3) ON CONFLICT DO NOTHING;
INSERT INTO game_schedule (id, week_id, game_number, team_a, team_b) VALUES ('c8927a35-0bcb-4aea-a22d-9f9405d9c2d0', '70b6cc4d-f68d-48fc-a7ed-34616d01f4cb', 1, 3, 4) ON CONFLICT DO NOTHING;
INSERT INTO game_schedule (id, week_id, game_number, team_a, team_b) VALUES ('ab45787b-8282-496b-8ebf-c5d23e15db21', 'df39a988-efde-4f32-8021-f48c6173f702', 1, 1, 2) ON CONFLICT DO NOTHING;
INSERT INTO game_schedule (id, week_id, game_number, team_a, team_b) VALUES ('48a30b4e-2f2a-464c-ae97-2aae1422db04', 'df39a988-efde-4f32-8021-f48c6173f702', 2, 1, 4) ON CONFLICT DO NOTHING;
INSERT INTO game_schedule (id, week_id, game_number, team_a, team_b) VALUES ('3a78a72a-8ac4-4529-ab01-7871db328144', 'df39a988-efde-4f32-8021-f48c6173f702', 2, 2, 3) ON CONFLICT DO NOTHING;
INSERT INTO game_schedule (id, week_id, game_number, team_a, team_b) VALUES ('b5c215c3-280e-42f8-8f1a-fd7c7093ccc4', 'df39a988-efde-4f32-8021-f48c6173f702', 1, 3, 4) ON CONFLICT DO NOTHING;
INSERT INTO game_schedule (id, week_id, game_number, team_a, team_b) VALUES ('456d47c9-50c8-43bb-af7c-e56d0e6e30dd', 'b7342764-d257-4339-a962-e5f5955a31b7', 1, 1, 2) ON CONFLICT DO NOTHING;
INSERT INTO game_schedule (id, week_id, game_number, team_a, team_b) VALUES ('a661a196-64e8-48ed-9698-1b2ad11ad915', 'b7342764-d257-4339-a962-e5f5955a31b7', 2, 1, 4) ON CONFLICT DO NOTHING;
INSERT INTO game_schedule (id, week_id, game_number, team_a, team_b) VALUES ('40646928-d8c8-41be-b9ca-adc7bcf06fb4', 'b7342764-d257-4339-a962-e5f5955a31b7', 2, 2, 3) ON CONFLICT DO NOTHING;
INSERT INTO game_schedule (id, week_id, game_number, team_a, team_b) VALUES ('51e20ba5-1887-43a3-80ca-f31ad0da62bf', 'b7342764-d257-4339-a962-e5f5955a31b7', 1, 3, 4) ON CONFLICT DO NOTHING;
INSERT INTO game_schedule (id, week_id, game_number, team_a, team_b) VALUES ('21f924ff-d50e-4c55-bc35-4fe8e371b38d', '14b57b82-ec62-43c8-a073-3e4c63f52e3b', 1, 1, 2) ON CONFLICT DO NOTHING;
INSERT INTO game_schedule (id, week_id, game_number, team_a, team_b) VALUES ('77bfbb8e-23bc-43f1-ba06-8d8f8050ab49', '14b57b82-ec62-43c8-a073-3e4c63f52e3b', 2, 1, 4) ON CONFLICT DO NOTHING;
INSERT INTO game_schedule (id, week_id, game_number, team_a, team_b) VALUES ('ad069bbb-2024-4823-8855-1c2a70ce2ea6', '14b57b82-ec62-43c8-a073-3e4c63f52e3b', 2, 2, 3) ON CONFLICT DO NOTHING;
INSERT INTO game_schedule (id, week_id, game_number, team_a, team_b) VALUES ('b346013f-1abc-4443-a5ec-95b7e65b44cf', '14b57b82-ec62-43c8-a073-3e4c63f52e3b', 1, 3, 4) ON CONFLICT DO NOTHING;
INSERT INTO game_schedule (id, week_id, game_number, team_a, team_b) VALUES ('cf09738a-eff8-4fcf-ac16-1c939030348d', '032def10-40cf-4fa0-93d4-49ad112d6125', 1, 1, 2) ON CONFLICT DO NOTHING;
INSERT INTO game_schedule (id, week_id, game_number, team_a, team_b) VALUES ('1fba5d8f-f48c-461e-afaa-bfc3bb558b37', '032def10-40cf-4fa0-93d4-49ad112d6125', 2, 1, 2) ON CONFLICT DO NOTHING;
INSERT INTO game_schedule (id, week_id, game_number, team_a, team_b) VALUES ('d551b4f6-1ec4-4a3b-93d2-8cda44b3711a', 'ff70dd8b-9ecb-46e0-803c-c60adda86e53', 1, 1, 2) ON CONFLICT DO NOTHING;
INSERT INTO game_schedule (id, week_id, game_number, team_a, team_b) VALUES ('1854a8fb-86f2-433a-ae35-49420a99a8cb', 'ff70dd8b-9ecb-46e0-803c-c60adda86e53', 2, 1, 2) ON CONFLICT DO NOTHING;
INSERT INTO game_schedule (id, week_id, game_number, team_a, team_b) VALUES ('43823993-74c8-4381-b8ba-624b769f97d3', '6c453e0e-f793-490b-b302-9a06ae9e3715', 1, 1, 2) ON CONFLICT DO NOTHING;
INSERT INTO game_schedule (id, week_id, game_number, team_a, team_b) VALUES ('ec9541d1-a000-4cce-ae9b-c2729aefbbb1', '6c453e0e-f793-490b-b302-9a06ae9e3715', 2, 1, 4) ON CONFLICT DO NOTHING;
INSERT INTO game_schedule (id, week_id, game_number, team_a, team_b) VALUES ('8b4f7278-b203-4fd1-aff9-c4adc00b3802', '6c453e0e-f793-490b-b302-9a06ae9e3715', 1, 3, 4) ON CONFLICT DO NOTHING;
INSERT INTO game_schedule (id, week_id, game_number, team_a, team_b) VALUES ('384c0b6f-b86d-4c06-865e-b407aa2f8047', '3f14c31d-e74b-49c6-afe6-4f4df3973b35', 1, 1, 2) ON CONFLICT DO NOTHING;
INSERT INTO game_schedule (id, week_id, game_number, team_a, team_b) VALUES ('ad2caca3-62c5-42de-aa03-8a62fe582da3', '3f14c31d-e74b-49c6-afe6-4f4df3973b35', 2, 1, 2) ON CONFLICT DO NOTHING;
INSERT INTO game_schedule (id, week_id, game_number, team_a, team_b) VALUES ('2504e30e-ae3f-4361-b202-804727d0fef5', '68401d46-9408-42f4-8e9e-7edfc05c3067', 1, 1, 2) ON CONFLICT DO NOTHING;
INSERT INTO game_schedule (id, week_id, game_number, team_a, team_b) VALUES ('c6b4bde1-1293-435d-a89a-6fe7e5643a08', '68401d46-9408-42f4-8e9e-7edfc05c3067', 2, 1, 2) ON CONFLICT DO NOTHING;
INSERT INTO game_schedule (id, week_id, game_number, team_a, team_b) VALUES ('c7506cff-5d50-4b14-810c-9de8a7a96f7a', '760c7ad1-4d19-46b6-8263-01d91adaae6c', 1, 1, 2) ON CONFLICT DO NOTHING;
INSERT INTO game_schedule (id, week_id, game_number, team_a, team_b) VALUES ('63baf18e-f59c-4119-bc72-89f04c95b13a', '760c7ad1-4d19-46b6-8263-01d91adaae6c', 2, 1, 2) ON CONFLICT DO NOTHING;

-- scores
INSERT INTO scores (id, team_slot_id, game_number, score) VALUES ('f7820b22-8630-4afc-9a21-3d0917b97c71', 'ad190429-b636-4c57-a1d2-d302a84742a9', 1, 120) ON CONFLICT DO NOTHING;
INSERT INTO scores (id, team_slot_id, game_number, score) VALUES ('5b44e6e6-eab7-4d02-9dda-a4cb727c7d0e', 'ad190429-b636-4c57-a1d2-d302a84742a9', 2, 108) ON CONFLICT DO NOTHING;
INSERT INTO scores (id, team_slot_id, game_number, score) VALUES ('800450db-a49d-4eff-beff-a542b75a63f2', '61718d9d-3ffd-45e0-9fd5-be924c44d4b2', 1, 110) ON CONFLICT DO NOTHING;
INSERT INTO scores (id, team_slot_id, game_number, score) VALUES ('5c7e8646-3105-4f2f-94bc-3e1888a5f27a', '61718d9d-3ffd-45e0-9fd5-be924c44d4b2', 2, 125) ON CONFLICT DO NOTHING;
INSERT INTO scores (id, team_slot_id, game_number, score) VALUES ('df67438c-8997-475d-9ec5-93b61126c85c', '3d54692c-1267-4598-aaa4-0966d6d848fe', 1, 69) ON CONFLICT DO NOTHING;
INSERT INTO scores (id, team_slot_id, game_number, score) VALUES ('b6237fb0-b827-42c0-a2ba-5fb751417795', '3d54692c-1267-4598-aaa4-0966d6d848fe', 2, 101) ON CONFLICT DO NOTHING;
INSERT INTO scores (id, team_slot_id, game_number, score) VALUES ('5f46d0d8-686e-452e-9d23-f1735222ce2c', 'd1444ef5-f498-4ea3-b9c2-d84172592324', 1, 121) ON CONFLICT DO NOTHING;
INSERT INTO scores (id, team_slot_id, game_number, score) VALUES ('02ea4fc0-262e-4f8a-9ba9-f615b834dfad', 'd1444ef5-f498-4ea3-b9c2-d84172592324', 2, 120) ON CONFLICT DO NOTHING;
INSERT INTO scores (id, team_slot_id, game_number, score) VALUES ('007a71ba-9e58-4d89-bfc7-babfe83c499e', 'ca07710a-99ec-4366-bb44-f47d9863e988', 1, 105) ON CONFLICT DO NOTHING;
INSERT INTO scores (id, team_slot_id, game_number, score) VALUES ('37ceae4f-f819-4ab8-9ab9-70214fe67089', 'ca07710a-99ec-4366-bb44-f47d9863e988', 2, 107) ON CONFLICT DO NOTHING;
INSERT INTO scores (id, team_slot_id, game_number, score) VALUES ('c0e0b9fb-c22a-4224-b4b9-e541be8705a5', '8e4b9ca6-3bea-4cdb-8cc0-b510e663dd93', 1, 100) ON CONFLICT DO NOTHING;
INSERT INTO scores (id, team_slot_id, game_number, score) VALUES ('222c50ba-0dad-4129-ba10-c1e8c65b96c6', '8e4b9ca6-3bea-4cdb-8cc0-b510e663dd93', 2, 129) ON CONFLICT DO NOTHING;
INSERT INTO scores (id, team_slot_id, game_number, score) VALUES ('06c543aa-75ba-4b94-8ab5-bb1ea2b1d49e', '08d599cf-cb4f-4cd1-89c9-6aa6c8906cfd', 1, 105) ON CONFLICT DO NOTHING;
INSERT INTO scores (id, team_slot_id, game_number, score) VALUES ('7c09dc19-5f5f-42b2-a155-92c4b05c7d7c', '08d599cf-cb4f-4cd1-89c9-6aa6c8906cfd', 2, 107) ON CONFLICT DO NOTHING;
INSERT INTO scores (id, team_slot_id, game_number, score) VALUES ('1fd11d7e-0470-43e7-bb2f-c5721931f997', 'e87cf0b6-67f0-43ee-9e12-88bcf1e29b40', 1, 88) ON CONFLICT DO NOTHING;
INSERT INTO scores (id, team_slot_id, game_number, score) VALUES ('dcd325fe-db5a-4ba0-bc33-f7dc5990c7d8', 'e87cf0b6-67f0-43ee-9e12-88bcf1e29b40', 2, 65) ON CONFLICT DO NOTHING;
INSERT INTO scores (id, team_slot_id, game_number, score) VALUES ('806d4689-8f5c-4d8a-aa87-1fb5a03641dc', '97623757-4452-4ebe-a64d-647ab500a7bc', 1, 112) ON CONFLICT DO NOTHING;
INSERT INTO scores (id, team_slot_id, game_number, score) VALUES ('ee2bf817-3d9c-43ff-b262-4a61a075463b', '97623757-4452-4ebe-a64d-647ab500a7bc', 2, 111) ON CONFLICT DO NOTHING;
INSERT INTO scores (id, team_slot_id, game_number, score) VALUES ('196ccf4a-b218-4e54-9b76-f24645b62ffb', '9bbe5166-edf6-4a9b-954d-aa73cfc05000', 1, 135) ON CONFLICT DO NOTHING;
INSERT INTO scores (id, team_slot_id, game_number, score) VALUES ('80b8382b-68ea-4710-a414-93e4df6261e4', '9bbe5166-edf6-4a9b-954d-aa73cfc05000', 2, 131) ON CONFLICT DO NOTHING;
INSERT INTO scores (id, team_slot_id, game_number, score) VALUES ('0a255834-aada-4d79-ab13-3b9376e64015', '59a12ae7-8248-48a1-818d-e820aa770879', 1, 105) ON CONFLICT DO NOTHING;
INSERT INTO scores (id, team_slot_id, game_number, score) VALUES ('5265f05c-35c5-4bc4-a618-2a266482c150', '59a12ae7-8248-48a1-818d-e820aa770879', 2, 107) ON CONFLICT DO NOTHING;
INSERT INTO scores (id, team_slot_id, game_number, score) VALUES ('d73c2201-8206-4f71-a2f9-b58ac5bc7498', 'f0b8b3b2-59c7-4ee2-9ac3-b1e1b9913e35', 1, 93) ON CONFLICT DO NOTHING;
INSERT INTO scores (id, team_slot_id, game_number, score) VALUES ('da6b0079-8239-4959-b353-aa56220984f5', 'f0b8b3b2-59c7-4ee2-9ac3-b1e1b9913e35', 2, 70) ON CONFLICT DO NOTHING;
INSERT INTO scores (id, team_slot_id, game_number, score) VALUES ('bd1287ea-fd56-4159-b205-7071957db525', '34aed231-4860-42c7-892c-d0a4f9d9299e', 1, 123) ON CONFLICT DO NOTHING;
INSERT INTO scores (id, team_slot_id, game_number, score) VALUES ('8ad84251-6bf1-412e-9660-9f4fc8b854f4', '34aed231-4860-42c7-892c-d0a4f9d9299e', 2, 119) ON CONFLICT DO NOTHING;
INSERT INTO scores (id, team_slot_id, game_number, score) VALUES ('9d0289a8-9d93-4550-a515-f83d41f0ec7f', 'd24a1513-f0b7-4677-ae21-03c078569709', 1, 94) ON CONFLICT DO NOTHING;
INSERT INTO scores (id, team_slot_id, game_number, score) VALUES ('5ea3a2c4-ace9-4762-b100-7f0893145041', 'd24a1513-f0b7-4677-ae21-03c078569709', 2, 94) ON CONFLICT DO NOTHING;
INSERT INTO scores (id, team_slot_id, game_number, score) VALUES ('e845491b-44e5-40ed-9464-8ab058fc63cc', '9d2ba59e-c812-4d1f-9f41-bb80d7c8cf66', 1, 103) ON CONFLICT DO NOTHING;
INSERT INTO scores (id, team_slot_id, game_number, score) VALUES ('240a5370-7b31-4161-8d3b-5da40f14ef39', '9d2ba59e-c812-4d1f-9f41-bb80d7c8cf66', 2, 103) ON CONFLICT DO NOTHING;
INSERT INTO scores (id, team_slot_id, game_number, score) VALUES ('df64b4b8-26c0-472d-a768-fb4121851ca6', '13034797-dbf6-46df-9551-32b552a5519a', 1, 131) ON CONFLICT DO NOTHING;
INSERT INTO scores (id, team_slot_id, game_number, score) VALUES ('645c32eb-41fb-4d99-9f0f-d7d26abd044b', '13034797-dbf6-46df-9551-32b552a5519a', 2, 137) ON CONFLICT DO NOTHING;
INSERT INTO scores (id, team_slot_id, game_number, score) VALUES ('5997c3c3-3f12-4f10-8b08-53c68fc4e451', '75a7e044-46ba-4a4f-8ace-64c2e896700e', 1, 114) ON CONFLICT DO NOTHING;
INSERT INTO scores (id, team_slot_id, game_number, score) VALUES ('13d86acb-8e54-42c7-849f-c4c106b14b5b', '75a7e044-46ba-4a4f-8ace-64c2e896700e', 2, 115) ON CONFLICT DO NOTHING;
INSERT INTO scores (id, team_slot_id, game_number, score) VALUES ('0ff231d8-824c-49c8-9307-7e020377d9b4', 'ff90f997-8c3b-42d8-90f5-bc004973999a', 1, 103) ON CONFLICT DO NOTHING;
INSERT INTO scores (id, team_slot_id, game_number, score) VALUES ('e1240e1c-e545-4781-8b2f-680149febec2', 'ff90f997-8c3b-42d8-90f5-bc004973999a', 2, 103) ON CONFLICT DO NOTHING;
INSERT INTO scores (id, team_slot_id, game_number, score) VALUES ('29cde0ba-e6d3-4a84-96d9-4f58eac30fb9', 'abc7e657-b3f2-4386-be23-89574d3ba828', 1, 116) ON CONFLICT DO NOTHING;
INSERT INTO scores (id, team_slot_id, game_number, score) VALUES ('cb71ff9a-d3b6-4f2a-9dcf-e6a689bb9d6e', 'abc7e657-b3f2-4386-be23-89574d3ba828', 2, 95) ON CONFLICT DO NOTHING;
INSERT INTO scores (id, team_slot_id, game_number, score) VALUES ('0de85feb-0b46-4be1-930a-a9e978ed3682', 'd888b20d-4df5-4035-9cd3-8b59b47971be', 1, 120) ON CONFLICT DO NOTHING;
INSERT INTO scores (id, team_slot_id, game_number, score) VALUES ('fd1a19d3-d7a6-4328-ba67-d9228f7d9987', 'd888b20d-4df5-4035-9cd3-8b59b47971be', 2, 141) ON CONFLICT DO NOTHING;
INSERT INTO scores (id, team_slot_id, game_number, score) VALUES ('9c764273-8ef1-43d8-a07f-71c5bc9a371b', '98e51077-a94a-409c-936c-fd9aa66b0000', 1, 103) ON CONFLICT DO NOTHING;
INSERT INTO scores (id, team_slot_id, game_number, score) VALUES ('fd42e27e-10b5-41ac-bf5a-c19e86ab67fa', '98e51077-a94a-409c-936c-fd9aa66b0000', 2, 103) ON CONFLICT DO NOTHING;
INSERT INTO scores (id, team_slot_id, game_number, score) VALUES ('e67952ae-91ee-4af8-8ff9-dfa6093c45a8', '636e0316-2924-47a2-bc38-1096029f9df4', 1, 152) ON CONFLICT DO NOTHING;
INSERT INTO scores (id, team_slot_id, game_number, score) VALUES ('ddbe5006-68c8-4df5-9aeb-c8eb187ffe04', '636e0316-2924-47a2-bc38-1096029f9df4', 2, 88) ON CONFLICT DO NOTHING;
INSERT INTO scores (id, team_slot_id, game_number, score) VALUES ('ca3481e2-3e82-45cb-b1c1-028481874bc4', '7468d1e7-934e-453a-bdfe-66633112b341', 1, 137) ON CONFLICT DO NOTHING;
INSERT INTO scores (id, team_slot_id, game_number, score) VALUES ('ff6a336e-627b-41d7-9c92-b5bb41b0ad14', '7468d1e7-934e-453a-bdfe-66633112b341', 2, 95) ON CONFLICT DO NOTHING;
INSERT INTO scores (id, team_slot_id, game_number, score) VALUES ('ac1befbb-eea8-4053-9235-abba0432f308', 'e7b42307-3827-4234-815a-f948a33cf203', 1, 103) ON CONFLICT DO NOTHING;
INSERT INTO scores (id, team_slot_id, game_number, score) VALUES ('6a4da53d-7c92-4ef8-b796-8bb19ba446b0', 'e7b42307-3827-4234-815a-f948a33cf203', 2, 103) ON CONFLICT DO NOTHING;
INSERT INTO scores (id, team_slot_id, game_number, score) VALUES ('5d531231-eb6d-4aad-890c-5d797a318b7d', '0a9aff60-1269-46ad-ab63-6d2fe42874fa', 1, 87) ON CONFLICT DO NOTHING;
INSERT INTO scores (id, team_slot_id, game_number, score) VALUES ('634bb72c-3983-44f0-80b6-0754e605013e', '0a9aff60-1269-46ad-ab63-6d2fe42874fa', 2, 115) ON CONFLICT DO NOTHING;
INSERT INTO scores (id, team_slot_id, game_number, score) VALUES ('5a8817f7-0a24-4e28-be30-d8889efcf162', '46de32c2-7254-46ab-8123-37b9c10e7337', 1, 156) ON CONFLICT DO NOTHING;
INSERT INTO scores (id, team_slot_id, game_number, score) VALUES ('d55eac52-06b0-484d-af90-b241e3b94910', '46de32c2-7254-46ab-8123-37b9c10e7337', 2, 145) ON CONFLICT DO NOTHING;
INSERT INTO scores (id, team_slot_id, game_number, score) VALUES ('b4b0bc32-5499-4c8b-85f6-cd0df2582c48', 'c0a04b80-1f08-4a10-ba1f-7052533b8bcf', 1, 111) ON CONFLICT DO NOTHING;
INSERT INTO scores (id, team_slot_id, game_number, score) VALUES ('674c7fb1-2f73-48cd-b9f7-ec5dbe503c61', 'c0a04b80-1f08-4a10-ba1f-7052533b8bcf', 2, 113) ON CONFLICT DO NOTHING;
INSERT INTO scores (id, team_slot_id, game_number, score) VALUES ('f82b5ea2-90e1-4cfb-b110-2cbba710cdda', '701b27aa-4aa6-4bcd-aebf-fb33c97b13c1', 1, 147) ON CONFLICT DO NOTHING;
INSERT INTO scores (id, team_slot_id, game_number, score) VALUES ('bf1b4eab-01b1-4fd0-846f-33587a4fb3c5', '701b27aa-4aa6-4bcd-aebf-fb33c97b13c1', 2, 145) ON CONFLICT DO NOTHING;
INSERT INTO scores (id, team_slot_id, game_number, score) VALUES ('82f71d7a-a30c-48ac-8193-8780d87abbdd', '2ccf7d80-e1c0-42b2-9905-a5ae820e7600', 1, 112) ON CONFLICT DO NOTHING;
INSERT INTO scores (id, team_slot_id, game_number, score) VALUES ('6bc3b5b6-035c-470d-b2c0-2920f8a3a50e', '2ccf7d80-e1c0-42b2-9905-a5ae820e7600', 2, 97) ON CONFLICT DO NOTHING;
INSERT INTO scores (id, team_slot_id, game_number, score) VALUES ('d1659871-5c7b-4cda-9ba0-2e2f3c42bf5f', '9604955c-1881-461d-a9e9-4906905a1b51', 1, 111) ON CONFLICT DO NOTHING;
INSERT INTO scores (id, team_slot_id, game_number, score) VALUES ('776ecb44-253c-4269-a488-d39bafe681e2', '9604955c-1881-461d-a9e9-4906905a1b51', 2, 113) ON CONFLICT DO NOTHING;
INSERT INTO scores (id, team_slot_id, game_number, score) VALUES ('372df1f3-12eb-4f54-a20f-d20c36a8ce5f', '326a5853-abc7-4cfc-bc0a-21e8557d0204', 1, 143) ON CONFLICT DO NOTHING;
INSERT INTO scores (id, team_slot_id, game_number, score) VALUES ('d6a862a7-5847-4af6-8972-3ea2e5fdb792', '326a5853-abc7-4cfc-bc0a-21e8557d0204', 2, 119) ON CONFLICT DO NOTHING;
INSERT INTO scores (id, team_slot_id, game_number, score) VALUES ('2457d2e0-bec2-4f82-83a1-a4a95f57b431', 'f618d624-0757-40d1-9eff-ad99ad8d93e4', 1, 97) ON CONFLICT DO NOTHING;
INSERT INTO scores (id, team_slot_id, game_number, score) VALUES ('371914a2-6161-48ad-830d-c0b1be53cc5c', 'f618d624-0757-40d1-9eff-ad99ad8d93e4', 2, 122) ON CONFLICT DO NOTHING;
INSERT INTO scores (id, team_slot_id, game_number, score) VALUES ('c75305d3-19fb-4bb4-9476-1b05b8665516', '39a68a38-6e29-4046-aea1-1ea901bbcca1', 1, 111) ON CONFLICT DO NOTHING;
INSERT INTO scores (id, team_slot_id, game_number, score) VALUES ('288d319b-ac04-44b1-a5f3-aa66b1884c8f', '39a68a38-6e29-4046-aea1-1ea901bbcca1', 2, 113) ON CONFLICT DO NOTHING;
INSERT INTO scores (id, team_slot_id, game_number, score) VALUES ('e03b6526-d44b-4358-86f8-23149aa33531', 'f9152b3c-b37a-4fb4-9518-a1705c90f48d', 1, 89) ON CONFLICT DO NOTHING;
INSERT INTO scores (id, team_slot_id, game_number, score) VALUES ('d41c50d8-1c17-4afd-9e25-9c0df6e15c19', 'f9152b3c-b37a-4fb4-9518-a1705c90f48d', 2, 85) ON CONFLICT DO NOTHING;
INSERT INTO scores (id, team_slot_id, game_number, score) VALUES ('b3e73e66-1758-4b07-8043-13dd614f408b', '0f5fc1f4-79f2-48ac-80bd-b5aa7b6afec1', 1, 137) ON CONFLICT DO NOTHING;
INSERT INTO scores (id, team_slot_id, game_number, score) VALUES ('82931246-a86a-4cae-b95e-29d97a588cb0', '0f5fc1f4-79f2-48ac-80bd-b5aa7b6afec1', 2, 121) ON CONFLICT DO NOTHING;
INSERT INTO scores (id, team_slot_id, game_number, score) VALUES ('18099841-0246-4644-b8d7-717c9ee55e47', '4ba7c9fc-1a08-44d5-a216-e46c9b4f80e7', 1, 111) ON CONFLICT DO NOTHING;
INSERT INTO scores (id, team_slot_id, game_number, score) VALUES ('40656ea0-ea1c-4c50-80fe-b6b0975fb7d6', '4ba7c9fc-1a08-44d5-a216-e46c9b4f80e7', 2, 113) ON CONFLICT DO NOTHING;
INSERT INTO scores (id, team_slot_id, game_number, score) VALUES ('beb68628-76c5-47aa-af8c-59c59a7b8c4c', '24def6f8-be85-4c57-abfb-30eb5e09579d', 1, 127) ON CONFLICT DO NOTHING;
INSERT INTO scores (id, team_slot_id, game_number, score) VALUES ('87e3e843-1c64-4c7a-badb-5b012884c366', '24def6f8-be85-4c57-abfb-30eb5e09579d', 2, 129) ON CONFLICT DO NOTHING;
INSERT INTO scores (id, team_slot_id, game_number, score) VALUES ('71f95d58-3230-4b51-9a17-593fda8ce688', 'b193c7cd-73ec-4273-bfb7-047f05d03dd0', 1, 139) ON CONFLICT DO NOTHING;
INSERT INTO scores (id, team_slot_id, game_number, score) VALUES ('d8fc5542-df73-4b79-823c-5ba3bfd01297', 'b193c7cd-73ec-4273-bfb7-047f05d03dd0', 2, 155) ON CONFLICT DO NOTHING;
INSERT INTO scores (id, team_slot_id, game_number, score) VALUES ('0846cfdb-8607-48a3-b148-b81c9cc3fc8a', '90495083-7e3c-4f97-b496-1d7e31e2e91d', 1, 111) ON CONFLICT DO NOTHING;
INSERT INTO scores (id, team_slot_id, game_number, score) VALUES ('1a0246b4-5c9d-4546-99ea-db0512cf67b8', '90495083-7e3c-4f97-b496-1d7e31e2e91d', 2, 111) ON CONFLICT DO NOTHING;
INSERT INTO scores (id, team_slot_id, game_number, score) VALUES ('7cebf838-d024-4bee-b5db-fde167d23100', '9eb28a34-cb05-4b2a-b951-2a8857ad8157', 1, 87) ON CONFLICT DO NOTHING;
INSERT INTO scores (id, team_slot_id, game_number, score) VALUES ('8534aa56-9d15-46f8-9c61-e2b64a1ad8a0', '9eb28a34-cb05-4b2a-b951-2a8857ad8157', 2, 58) ON CONFLICT DO NOTHING;
INSERT INTO scores (id, team_slot_id, game_number, score) VALUES ('b4ad3c15-9868-4dfd-8549-baf0c2191149', 'e8da453c-b993-4865-92b6-48dd3fbaf0c7', 1, 112) ON CONFLICT DO NOTHING;
INSERT INTO scores (id, team_slot_id, game_number, score) VALUES ('a8d2e47a-ced5-4364-96a7-45f50b874f11', 'e8da453c-b993-4865-92b6-48dd3fbaf0c7', 2, 119) ON CONFLICT DO NOTHING;
INSERT INTO scores (id, team_slot_id, game_number, score) VALUES ('1227177f-68b7-4313-9479-01576f6680b8', '88c5ba76-660d-4e3b-96dc-70ff205fe7b6', 1, 112) ON CONFLICT DO NOTHING;
INSERT INTO scores (id, team_slot_id, game_number, score) VALUES ('f7164c7a-86a9-429e-89f0-c9581ce64ea7', '88c5ba76-660d-4e3b-96dc-70ff205fe7b6', 2, 134) ON CONFLICT DO NOTHING;
INSERT INTO scores (id, team_slot_id, game_number, score) VALUES ('02fac3d7-00de-41b2-bc5b-f61beb922ed7', 'ad9025f7-6669-44e7-9298-23435b463148', 1, 137) ON CONFLICT DO NOTHING;
INSERT INTO scores (id, team_slot_id, game_number, score) VALUES ('8b8f583f-9032-40a3-b953-eb8e9170d568', 'ad9025f7-6669-44e7-9298-23435b463148', 2, 102) ON CONFLICT DO NOTHING;
INSERT INTO scores (id, team_slot_id, game_number, score) VALUES ('e9bcfd85-c461-4fe4-a907-afb90abaa8b1', '8c7338d2-fa98-4bb4-89a7-a5cd65d6e2ce', 1, 90) ON CONFLICT DO NOTHING;
INSERT INTO scores (id, team_slot_id, game_number, score) VALUES ('45e24824-3206-47c0-975e-b9fa80723e52', '8c7338d2-fa98-4bb4-89a7-a5cd65d6e2ce', 2, 129) ON CONFLICT DO NOTHING;
INSERT INTO scores (id, team_slot_id, game_number, score) VALUES ('6fd29277-cf42-44a6-96a2-8fb74328952d', '56341ae9-da9f-4e4b-a667-bb4c4ba9cabc', 1, 111) ON CONFLICT DO NOTHING;
INSERT INTO scores (id, team_slot_id, game_number, score) VALUES ('a58673e0-240b-4b7f-b8ed-37e96feffd67', '56341ae9-da9f-4e4b-a667-bb4c4ba9cabc', 2, 111) ON CONFLICT DO NOTHING;
INSERT INTO scores (id, team_slot_id, game_number, score) VALUES ('11db7b14-0b5a-447a-925b-9105d8f4fd51', 'ebb16eea-6ad8-4399-bf6e-b84a61524ece', 1, 126) ON CONFLICT DO NOTHING;
INSERT INTO scores (id, team_slot_id, game_number, score) VALUES ('a3e6ac4d-8b38-4433-b1e4-6d44936137df', 'ebb16eea-6ad8-4399-bf6e-b84a61524ece', 2, 91) ON CONFLICT DO NOTHING;
INSERT INTO scores (id, team_slot_id, game_number, score) VALUES ('d2ec69a1-921b-4c5a-b0fe-b26333a32bc8', '454de5a6-ee32-4ee9-8241-49693054183e', 1, 152) ON CONFLICT DO NOTHING;
INSERT INTO scores (id, team_slot_id, game_number, score) VALUES ('3359edde-c33d-45b2-8616-9337dc21e810', '454de5a6-ee32-4ee9-8241-49693054183e', 2, 78) ON CONFLICT DO NOTHING;
INSERT INTO scores (id, team_slot_id, game_number, score) VALUES ('9d6466fa-b29b-4e7a-97b3-b12fa1dc3831', 'ad787f8a-fa66-4a91-9831-3aea3a502569', 1, 90) ON CONFLICT DO NOTHING;
INSERT INTO scores (id, team_slot_id, game_number, score) VALUES ('2663bf98-0734-43b5-8c9b-ec3273215cc2', 'ad787f8a-fa66-4a91-9831-3aea3a502569', 2, 115) ON CONFLICT DO NOTHING;
INSERT INTO scores (id, team_slot_id, game_number, score) VALUES ('0ef52988-c1ec-4fa5-9598-532e541b1c54', 'd75365ed-1ccf-40ef-a678-812ba54f4e67', 1, 95) ON CONFLICT DO NOTHING;
INSERT INTO scores (id, team_slot_id, game_number, score) VALUES ('080e136f-c376-4b39-a878-75a3563f1cbe', 'd75365ed-1ccf-40ef-a678-812ba54f4e67', 2, 113) ON CONFLICT DO NOTHING;
INSERT INTO scores (id, team_slot_id, game_number, score) VALUES ('d1a6193e-4b55-4731-b9e0-82f12021bb90', '43dd3f7e-0f18-4eb1-8743-4a48f2744949', 1, 131) ON CONFLICT DO NOTHING;
INSERT INTO scores (id, team_slot_id, game_number, score) VALUES ('7d9320eb-557d-4a2d-b478-4268d5e64985', '43dd3f7e-0f18-4eb1-8743-4a48f2744949', 2, 107) ON CONFLICT DO NOTHING;
INSERT INTO scores (id, team_slot_id, game_number, score) VALUES ('7d869a3e-0a22-42e2-84d2-09f2c909662c', 'c2b30b3d-8b8e-4928-934a-aef9c1161aa4', 1, 112) ON CONFLICT DO NOTHING;
INSERT INTO scores (id, team_slot_id, game_number, score) VALUES ('b10a636f-391c-4af9-913d-e52f16f7b185', 'c2b30b3d-8b8e-4928-934a-aef9c1161aa4', 2, 112) ON CONFLICT DO NOTHING;
INSERT INTO scores (id, team_slot_id, game_number, score) VALUES ('b7abf777-d6f6-47a5-90aa-bc2faaf7ae98', '9276f317-cd27-48d5-9592-9f01c7b16375', 1, 140) ON CONFLICT DO NOTHING;
INSERT INTO scores (id, team_slot_id, game_number, score) VALUES ('9f4059aa-f405-428b-9631-fd7a9bc2fe56', '9276f317-cd27-48d5-9592-9f01c7b16375', 2, 100) ON CONFLICT DO NOTHING;
INSERT INTO scores (id, team_slot_id, game_number, score) VALUES ('7bea228d-dd82-4b65-a2d7-63cda1dddcd8', 'bf1a2757-2035-45f6-b3cb-d92575aeb939', 1, 130) ON CONFLICT DO NOTHING;
INSERT INTO scores (id, team_slot_id, game_number, score) VALUES ('a7881045-a68c-4a6b-b920-bb1d8368d4bf', 'bf1a2757-2035-45f6-b3cb-d92575aeb939', 2, 144) ON CONFLICT DO NOTHING;
INSERT INTO scores (id, team_slot_id, game_number, score) VALUES ('5390c6de-3052-44ae-bcc3-773547d440a8', '87f8c3aa-183e-4dfe-8014-a67e4cdd23d5', 1, 112) ON CONFLICT DO NOTHING;
INSERT INTO scores (id, team_slot_id, game_number, score) VALUES ('86327204-003b-4015-9ed0-56a7c178dddc', '87f8c3aa-183e-4dfe-8014-a67e4cdd23d5', 2, 112) ON CONFLICT DO NOTHING;
INSERT INTO scores (id, team_slot_id, game_number, score) VALUES ('076968e0-a457-46ff-9b03-c7fb7b253597', '6dea3cd8-ea91-4f69-9804-716373d4eda0', 1, 90) ON CONFLICT DO NOTHING;
INSERT INTO scores (id, team_slot_id, game_number, score) VALUES ('16f79f87-7c4e-4ccc-a664-a12228e1b871', '6dea3cd8-ea91-4f69-9804-716373d4eda0', 2, 104) ON CONFLICT DO NOTHING;
INSERT INTO scores (id, team_slot_id, game_number, score) VALUES ('41b31d27-1263-4e98-9d37-db50885cb35f', 'f1ea764c-fc9b-4dc3-b6a5-b56a957ae0ab', 1, 138) ON CONFLICT DO NOTHING;
INSERT INTO scores (id, team_slot_id, game_number, score) VALUES ('926625af-2b46-4f38-bebc-740561b349e0', 'f1ea764c-fc9b-4dc3-b6a5-b56a957ae0ab', 2, 125) ON CONFLICT DO NOTHING;
INSERT INTO scores (id, team_slot_id, game_number, score) VALUES ('7244d90e-095c-4774-b9ca-921c9d500f19', '5a458565-b38d-41bd-b374-1967778db5a3', 1, 112) ON CONFLICT DO NOTHING;
INSERT INTO scores (id, team_slot_id, game_number, score) VALUES ('2c7702b9-786d-4cf8-83b4-367f13f656e7', '5a458565-b38d-41bd-b374-1967778db5a3', 2, 112) ON CONFLICT DO NOTHING;
INSERT INTO scores (id, team_slot_id, game_number, score) VALUES ('4980b9f8-eebc-4b16-910f-ea92c0456181', '449c44c5-4c75-4905-ba22-bc420df0ceec', 1, 99) ON CONFLICT DO NOTHING;
INSERT INTO scores (id, team_slot_id, game_number, score) VALUES ('f52b5f0a-2577-45e0-ad29-10d6cfdf1b6d', '449c44c5-4c75-4905-ba22-bc420df0ceec', 2, 124) ON CONFLICT DO NOTHING;
INSERT INTO scores (id, team_slot_id, game_number, score) VALUES ('ef6b8843-da80-4a87-b739-308150e173ee', '52cda448-341e-4932-bfed-cb0d9b82fc31', 1, 80) ON CONFLICT DO NOTHING;
INSERT INTO scores (id, team_slot_id, game_number, score) VALUES ('61b61955-236e-4f91-a256-99aac27d0442', '52cda448-341e-4932-bfed-cb0d9b82fc31', 2, 128) ON CONFLICT DO NOTHING;
INSERT INTO scores (id, team_slot_id, game_number, score) VALUES ('1f1c980d-2d3e-47af-bf0b-f7accd3657de', '0df92c98-1602-452d-8d82-28ccd2d89878', 1, 76) ON CONFLICT DO NOTHING;
INSERT INTO scores (id, team_slot_id, game_number, score) VALUES ('a5abd525-61aa-4d00-841c-52fc22a3ae09', '0df92c98-1602-452d-8d82-28ccd2d89878', 2, 76) ON CONFLICT DO NOTHING;
INSERT INTO scores (id, team_slot_id, game_number, score) VALUES ('2feb7ea9-1b3f-48fc-a37d-81da121e4f7b', '53da1b01-b06b-4632-a38a-88d3ca1698ed', 1, 133) ON CONFLICT DO NOTHING;
INSERT INTO scores (id, team_slot_id, game_number, score) VALUES ('96b372b5-a287-4c01-961c-e2c8c6fd59e5', '53da1b01-b06b-4632-a38a-88d3ca1698ed', 2, 111) ON CONFLICT DO NOTHING;
INSERT INTO scores (id, team_slot_id, game_number, score) VALUES ('b758be06-fc0f-4de7-b086-593f9f7de81a', 'c852423c-98ad-42a3-a0e6-b1a61803b895', 1, 123) ON CONFLICT DO NOTHING;
INSERT INTO scores (id, team_slot_id, game_number, score) VALUES ('c91f703f-5783-4963-af33-a32f1a29f142', 'c852423c-98ad-42a3-a0e6-b1a61803b895', 2, 149) ON CONFLICT DO NOTHING;
INSERT INTO scores (id, team_slot_id, game_number, score) VALUES ('50092981-f813-41a1-8d3b-830fac7c37f8', '49e6cbf7-daa9-4e0a-8bc6-efe9651dabff', 1, 112) ON CONFLICT DO NOTHING;
INSERT INTO scores (id, team_slot_id, game_number, score) VALUES ('779d79b6-0ffe-4999-b93b-8456c87bcb54', '49e6cbf7-daa9-4e0a-8bc6-efe9651dabff', 2, 112) ON CONFLICT DO NOTHING;
INSERT INTO scores (id, team_slot_id, game_number, score) VALUES ('f1eebe2f-8272-4c27-aa89-7ef642c15b36', '4bf5a30c-75de-4e0a-a123-1a8f4b447ad8', 1, 117) ON CONFLICT DO NOTHING;
INSERT INTO scores (id, team_slot_id, game_number, score) VALUES ('31962181-b359-4855-a410-e33f64e0acc8', '4bf5a30c-75de-4e0a-a123-1a8f4b447ad8', 2, 125) ON CONFLICT DO NOTHING;
INSERT INTO scores (id, team_slot_id, game_number, score) VALUES ('a3496bed-66c2-4482-915e-1ab8704724e4', '360fd429-87f6-4f50-b59f-d6da5801a9b5', 1, 120) ON CONFLICT DO NOTHING;
INSERT INTO scores (id, team_slot_id, game_number, score) VALUES ('b9040d19-c38c-41bb-acec-0410967dc885', '360fd429-87f6-4f50-b59f-d6da5801a9b5', 2, 113) ON CONFLICT DO NOTHING;
INSERT INTO scores (id, team_slot_id, game_number, score) VALUES ('07af3e28-1f78-4105-8f4f-5966edef84a5', 'ffef5342-b36f-4c97-8987-8ed47b5d5eca', 1, 133) ON CONFLICT DO NOTHING;
INSERT INTO scores (id, team_slot_id, game_number, score) VALUES ('df3f0f5b-4e2e-4e40-8c83-a31802b98c03', 'ffef5342-b36f-4c97-8987-8ed47b5d5eca', 2, 126) ON CONFLICT DO NOTHING;
INSERT INTO scores (id, team_slot_id, game_number, score) VALUES ('6b96e215-653f-4271-b2d2-2fd6eae23ced', 'bbdc4701-fa09-4859-901f-a8144232eabf', 1, 123) ON CONFLICT DO NOTHING;
INSERT INTO scores (id, team_slot_id, game_number, score) VALUES ('fc4f2efd-914d-47d5-b504-339ef7744f8d', 'bbdc4701-fa09-4859-901f-a8144232eabf', 2, 131) ON CONFLICT DO NOTHING;
INSERT INTO scores (id, team_slot_id, game_number, score) VALUES ('a89e4954-0d48-449a-93ab-d117bbc3cc79', '600f0af2-3418-4812-984b-2691a2e49575', 1, 79) ON CONFLICT DO NOTHING;
INSERT INTO scores (id, team_slot_id, game_number, score) VALUES ('6b72ac4d-8940-4fcb-8a0e-c39c2b3ceb0c', '600f0af2-3418-4812-984b-2691a2e49575', 2, 109) ON CONFLICT DO NOTHING;
INSERT INTO scores (id, team_slot_id, game_number, score) VALUES ('07a77536-d5a6-430d-926b-97360bbb966c', 'c99159fe-9a6c-42ad-b427-b873bea27d7a', 1, 71) ON CONFLICT DO NOTHING;
INSERT INTO scores (id, team_slot_id, game_number, score) VALUES ('10619898-5a81-478c-b89c-47d32d505e64', 'c99159fe-9a6c-42ad-b427-b873bea27d7a', 2, 75) ON CONFLICT DO NOTHING;
INSERT INTO scores (id, team_slot_id, game_number, score) VALUES ('3deb1489-941a-4b65-a181-18b85a1f1541', '55e7022c-45c7-4163-be24-a406d4501736', 1, 165) ON CONFLICT DO NOTHING;
INSERT INTO scores (id, team_slot_id, game_number, score) VALUES ('9ad9db3d-aa6a-4471-9692-d974f5c744a9', '55e7022c-45c7-4163-be24-a406d4501736', 2, 119) ON CONFLICT DO NOTHING;
INSERT INTO scores (id, team_slot_id, game_number, score) VALUES ('b3c7361f-f959-4b87-948a-1d7b2be8c3cc', '9e0baa9e-5b9b-49a5-ae64-1653fa5f109f', 1, 99) ON CONFLICT DO NOTHING;
INSERT INTO scores (id, team_slot_id, game_number, score) VALUES ('7a7a864c-0eb7-4677-8866-8579f5848ba1', '9e0baa9e-5b9b-49a5-ae64-1653fa5f109f', 2, 114) ON CONFLICT DO NOTHING;
INSERT INTO scores (id, team_slot_id, game_number, score) VALUES ('f1f59699-fb42-454b-bd70-a774dc6794ee', 'f4e8f5de-c041-44eb-b761-7e0e8ac37ebe', 1, 130) ON CONFLICT DO NOTHING;
INSERT INTO scores (id, team_slot_id, game_number, score) VALUES ('e59152b4-be2f-4c7f-b99b-9e515ae50e03', 'f4e8f5de-c041-44eb-b761-7e0e8ac37ebe', 2, 124) ON CONFLICT DO NOTHING;
INSERT INTO scores (id, team_slot_id, game_number, score) VALUES ('5f155c1d-6ee5-4a3b-b2d4-97e845afb05a', '8c46e3bc-3952-4a9b-9bf7-9da77bec47fe', 1, 110) ON CONFLICT DO NOTHING;
INSERT INTO scores (id, team_slot_id, game_number, score) VALUES ('c9f7bece-195e-4029-8430-aab6aa8eb2ac', '8c46e3bc-3952-4a9b-9bf7-9da77bec47fe', 2, 111) ON CONFLICT DO NOTHING;
INSERT INTO scores (id, team_slot_id, game_number, score) VALUES ('53a16fa6-5936-4769-ad42-756363058d8e', '76ec7638-f812-452f-a933-31b45fb3e47b', 1, 154) ON CONFLICT DO NOTHING;
INSERT INTO scores (id, team_slot_id, game_number, score) VALUES ('3cdda2ca-11cf-41b3-a653-97ff93a82a94', '76ec7638-f812-452f-a933-31b45fb3e47b', 2, 117) ON CONFLICT DO NOTHING;
INSERT INTO scores (id, team_slot_id, game_number, score) VALUES ('67edbdc0-17dc-4f41-965b-874c3e2fe1f5', 'a6b2d60d-2fe7-4d51-87bb-32933e7956e9', 1, 150) ON CONFLICT DO NOTHING;
INSERT INTO scores (id, team_slot_id, game_number, score) VALUES ('5667ab38-7ae4-4604-9dab-b77695246181', 'a6b2d60d-2fe7-4d51-87bb-32933e7956e9', 2, 93) ON CONFLICT DO NOTHING;
INSERT INTO scores (id, team_slot_id, game_number, score) VALUES ('ce6b3271-ab7d-4d7f-b99e-107a76fd8ad3', 'f8616ca4-3fac-47b5-bcf0-10db511e00e8', 1, 121) ON CONFLICT DO NOTHING;
INSERT INTO scores (id, team_slot_id, game_number, score) VALUES ('69a89be4-f46a-41d6-82cc-3080fbf83998', 'e2b69bdd-ee39-4251-bc65-a4d12448aae6', 1, 107) ON CONFLICT DO NOTHING;
INSERT INTO scores (id, team_slot_id, game_number, score) VALUES ('8e062213-9f75-48a8-88de-f7f0b7210592', '5a8616d5-5a19-4800-83c0-434219cf03b2', 1, 124) ON CONFLICT DO NOTHING;
INSERT INTO scores (id, team_slot_id, game_number, score) VALUES ('e39c4c29-446a-4221-9009-45cb28510756', '271ee948-6f73-4f34-a63f-b02b5a244f3b', 1, 123) ON CONFLICT DO NOTHING;
INSERT INTO scores (id, team_slot_id, game_number, score) VALUES ('d96c9b7b-a119-4419-a7dd-5a1f74ae06d1', 'c7f85705-7421-42e0-bd8c-f31874376b46', 1, 129) ON CONFLICT DO NOTHING;
INSERT INTO scores (id, team_slot_id, game_number, score) VALUES ('be6eea20-918c-40bc-8ffd-151bce78b57a', '90a8189a-1334-4440-bbf9-9e8c4141c704', 1, 82) ON CONFLICT DO NOTHING;
INSERT INTO scores (id, team_slot_id, game_number, score) VALUES ('0b56fbf1-f168-4d70-a4f1-4b7443383454', '0e34af35-d45a-4ac1-a819-910ca26f8ce6', 1, 127) ON CONFLICT DO NOTHING;
INSERT INTO scores (id, team_slot_id, game_number, score) VALUES ('76fe337d-4f5d-4bb0-b482-b48ef17fa0e6', '0e34af35-d45a-4ac1-a819-910ca26f8ce6', 2, 128) ON CONFLICT DO NOTHING;
INSERT INTO scores (id, team_slot_id, game_number, score) VALUES ('66d2b74e-e074-4eac-8526-3f85a9da222c', '529ca780-945d-465e-bb0b-58a909672cb1', 1, 127) ON CONFLICT DO NOTHING;
INSERT INTO scores (id, team_slot_id, game_number, score) VALUES ('de7041d3-6b4a-4cb6-9c51-8782c992c26b', '529ca780-945d-465e-bb0b-58a909672cb1', 2, 81) ON CONFLICT DO NOTHING;
INSERT INTO scores (id, team_slot_id, game_number, score) VALUES ('010082b9-4a5a-4eae-963c-6fd3643805d5', 'd8e0cbc4-f8bd-4ea9-a91c-9e7a25ebe98c', 1, 131) ON CONFLICT DO NOTHING;
INSERT INTO scores (id, team_slot_id, game_number, score) VALUES ('c917d3db-3ffa-4c2e-a28c-429585b6c718', 'd8e0cbc4-f8bd-4ea9-a91c-9e7a25ebe98c', 2, 131) ON CONFLICT DO NOTHING;
INSERT INTO scores (id, team_slot_id, game_number, score) VALUES ('f1a3befb-b603-4f66-a2a0-1e6cf61d06e8', '29dd9180-9b6b-4593-ab60-6720ffa0a79b', 1, 116) ON CONFLICT DO NOTHING;
INSERT INTO scores (id, team_slot_id, game_number, score) VALUES ('8f141bcd-de1e-41cb-a0f7-ff1eced07280', '29dd9180-9b6b-4593-ab60-6720ffa0a79b', 2, 113) ON CONFLICT DO NOTHING;
INSERT INTO scores (id, team_slot_id, game_number, score) VALUES ('71eeaa98-741a-46ad-bb1c-2068d70032b4', 'a775e15f-20c9-4cf1-a0c8-1d02bf2d4f48', 1, 116) ON CONFLICT DO NOTHING;
INSERT INTO scores (id, team_slot_id, game_number, score) VALUES ('c74ffd9e-7151-4bfc-9731-fdc17af46436', 'a775e15f-20c9-4cf1-a0c8-1d02bf2d4f48', 2, 92) ON CONFLICT DO NOTHING;
INSERT INTO scores (id, team_slot_id, game_number, score) VALUES ('57185895-4ce9-440b-bc1b-8b013e860a49', 'f1a898e1-2625-44ed-8489-8681ceda4adf', 1, 111) ON CONFLICT DO NOTHING;
INSERT INTO scores (id, team_slot_id, game_number, score) VALUES ('3419a0b7-b31f-404a-ac6c-83dad68fc3f5', 'f1a898e1-2625-44ed-8489-8681ceda4adf', 2, 119) ON CONFLICT DO NOTHING;
INSERT INTO scores (id, team_slot_id, game_number, score) VALUES ('7b6be651-62f9-4822-8dec-b455889761ad', '4c148bcc-bea4-4a69-9015-a38d42a1018d', 1, 120) ON CONFLICT DO NOTHING;
INSERT INTO scores (id, team_slot_id, game_number, score) VALUES ('03180102-83dc-4442-ba9a-620b33e7099b', '4c148bcc-bea4-4a69-9015-a38d42a1018d', 2, 120) ON CONFLICT DO NOTHING;
INSERT INTO scores (id, team_slot_id, game_number, score) VALUES ('9d422279-945f-4a10-8217-c21e7840b38d', '31b2fb50-cca1-431d-af32-814d31e0ae7b', 1, 94) ON CONFLICT DO NOTHING;
INSERT INTO scores (id, team_slot_id, game_number, score) VALUES ('ed38bb08-e2bc-4579-bba3-35ead71c584c', '31b2fb50-cca1-431d-af32-814d31e0ae7b', 2, 128) ON CONFLICT DO NOTHING;
INSERT INTO scores (id, team_slot_id, game_number, score) VALUES ('dd1de276-bc33-4be0-b0a3-2b3c27c4476a', 'f6af1a5b-ce0a-4f9a-a5b9-3e977ec48c3f', 1, 106) ON CONFLICT DO NOTHING;
INSERT INTO scores (id, team_slot_id, game_number, score) VALUES ('c98ecc46-6846-4bc5-84d6-16df17727b7b', 'f6af1a5b-ce0a-4f9a-a5b9-3e977ec48c3f', 2, 156) ON CONFLICT DO NOTHING;
INSERT INTO scores (id, team_slot_id, game_number, score) VALUES ('f71b98e1-1caa-4b27-9a72-20a9ef7cb0ec', 'bbeb45e0-f48c-46a5-815b-895e1ab54a17', 1, 124) ON CONFLICT DO NOTHING;
INSERT INTO scores (id, team_slot_id, game_number, score) VALUES ('79c48cac-a504-4fa3-90eb-b187a903222d', 'bbeb45e0-f48c-46a5-815b-895e1ab54a17', 2, 113) ON CONFLICT DO NOTHING;
INSERT INTO scores (id, team_slot_id, game_number, score) VALUES ('275dd840-267e-4618-89e0-23bb4feb2f55', '71232296-b446-4688-b2dc-4cb51fe0c936', 1, 95) ON CONFLICT DO NOTHING;
INSERT INTO scores (id, team_slot_id, game_number, score) VALUES ('1de2efaf-2f6d-47cf-96f5-02e51eb39032', '71232296-b446-4688-b2dc-4cb51fe0c936', 2, 107) ON CONFLICT DO NOTHING;
INSERT INTO scores (id, team_slot_id, game_number, score) VALUES ('37aa6e35-b838-4ea6-a67e-778161f57246', 'f978e28b-0fc0-415c-9175-b1dcebbb276f', 1, 176) ON CONFLICT DO NOTHING;
INSERT INTO scores (id, team_slot_id, game_number, score) VALUES ('158cdd98-2a99-4adb-9de3-bd61f9166410', 'f978e28b-0fc0-415c-9175-b1dcebbb276f', 2, 125) ON CONFLICT DO NOTHING;
INSERT INTO scores (id, team_slot_id, game_number, score) VALUES ('b91695af-2d9e-4e73-ab15-d020876fbb4a', '8b6c8650-8191-4266-955e-717a50b5eac2', 1, 139) ON CONFLICT DO NOTHING;
INSERT INTO scores (id, team_slot_id, game_number, score) VALUES ('10ad9114-0dbd-49da-a9a8-fb1b5664899c', '8b6c8650-8191-4266-955e-717a50b5eac2', 2, 142) ON CONFLICT DO NOTHING;
INSERT INTO scores (id, team_slot_id, game_number, score) VALUES ('8d7260f8-e75d-4560-8177-5116cc5a7f3b', '7805bd7e-8c1d-47f5-a9f8-500ac284179b', 1, 115) ON CONFLICT DO NOTHING;
INSERT INTO scores (id, team_slot_id, game_number, score) VALUES ('bf22657b-d67e-4dd7-8379-ba52bb041057', '7805bd7e-8c1d-47f5-a9f8-500ac284179b', 2, 108) ON CONFLICT DO NOTHING;
INSERT INTO scores (id, team_slot_id, game_number, score) VALUES ('43a04f53-1e13-4225-85fb-aa9538526455', 'e53868de-ea93-445a-8023-c6cb2c64592f', 1, 94) ON CONFLICT DO NOTHING;
INSERT INTO scores (id, team_slot_id, game_number, score) VALUES ('e798e04e-c59c-4ac5-80ac-e4eba347ebbc', 'e53868de-ea93-445a-8023-c6cb2c64592f', 2, 79) ON CONFLICT DO NOTHING;
INSERT INTO scores (id, team_slot_id, game_number, score) VALUES ('dfcc582b-4101-45fb-a2d1-4285e6a21c81', '3460b8b6-b174-48c0-98a8-1f93e460821e', 1, 97) ON CONFLICT DO NOTHING;
INSERT INTO scores (id, team_slot_id, game_number, score) VALUES ('78a9b699-a93d-4808-ac92-75037cbd14e5', '3460b8b6-b174-48c0-98a8-1f93e460821e', 2, 117) ON CONFLICT DO NOTHING;
INSERT INTO scores (id, team_slot_id, game_number, score) VALUES ('82ca06f7-29e8-4292-8e03-ed9c0114773d', '6fc135f6-40b0-4997-ab79-29ae551c3b1b', 1, 117) ON CONFLICT DO NOTHING;
INSERT INTO scores (id, team_slot_id, game_number, score) VALUES ('c716b44f-746c-4665-b1b7-f35804600471', '6fc135f6-40b0-4997-ab79-29ae551c3b1b', 2, 92) ON CONFLICT DO NOTHING;
INSERT INTO scores (id, team_slot_id, game_number, score) VALUES ('a65a557b-7c1d-456e-a70e-f24cd3e9edf7', 'b42f1b68-cefe-446f-8269-77480fd6704a', 1, 140) ON CONFLICT DO NOTHING;
INSERT INTO scores (id, team_slot_id, game_number, score) VALUES ('7f88f4ad-833d-4bf8-ab02-6174b4e7b7da', 'b42f1b68-cefe-446f-8269-77480fd6704a', 2, 146) ON CONFLICT DO NOTHING;
INSERT INTO scores (id, team_slot_id, game_number, score) VALUES ('389e568d-a3bc-40a7-9669-0c7d2ba78b27', '67373ba1-d525-4638-9e5d-a7debadba302', 1, 128) ON CONFLICT DO NOTHING;
INSERT INTO scores (id, team_slot_id, game_number, score) VALUES ('d740d16c-e405-4a0b-b3a7-f90f2bfb5350', '67373ba1-d525-4638-9e5d-a7debadba302', 2, 106) ON CONFLICT DO NOTHING;
INSERT INTO scores (id, team_slot_id, game_number, score) VALUES ('3b633c95-de24-41bf-ba3a-ad814ce589fe', '6cc52552-b86f-45ff-a87f-118f3a61d63d', 1, 137) ON CONFLICT DO NOTHING;
INSERT INTO scores (id, team_slot_id, game_number, score) VALUES ('38c5ff13-3001-4fba-9145-e4f300620c90', '6cc52552-b86f-45ff-a87f-118f3a61d63d', 2, 116) ON CONFLICT DO NOTHING;
INSERT INTO scores (id, team_slot_id, game_number, score) VALUES ('5b3dc721-7f84-445a-b868-4f548b29c2da', '56347bbd-9ec7-44fd-833e-409ac589aee2', 1, 140) ON CONFLICT DO NOTHING;
INSERT INTO scores (id, team_slot_id, game_number, score) VALUES ('c407dc18-78ea-4cf1-a572-5a53753a2d52', '56347bbd-9ec7-44fd-833e-409ac589aee2', 2, 117) ON CONFLICT DO NOTHING;
INSERT INTO scores (id, team_slot_id, game_number, score) VALUES ('0abd325d-1fbe-4e43-b987-9456712e80c8', '60e8d132-c44b-47d9-ab23-97f852f3a808', 1, 98) ON CONFLICT DO NOTHING;
INSERT INTO scores (id, team_slot_id, game_number, score) VALUES ('b87b837e-24c8-49cc-83f5-7d794dee9692', '60e8d132-c44b-47d9-ab23-97f852f3a808', 2, 106) ON CONFLICT DO NOTHING;
INSERT INTO scores (id, team_slot_id, game_number, score) VALUES ('70e9a0cb-f09d-416c-a377-edeb4b7b9ba2', '378c88b7-0533-4a43-8539-ceadf394db38', 1, 150) ON CONFLICT DO NOTHING;
INSERT INTO scores (id, team_slot_id, game_number, score) VALUES ('d899d4ca-b0a2-4633-8e4f-0854df7f6d4b', '378c88b7-0533-4a43-8539-ceadf394db38', 2, 103) ON CONFLICT DO NOTHING;
INSERT INTO scores (id, team_slot_id, game_number, score) VALUES ('e260df0c-a38a-494b-ad28-25d839368089', 'a89edab2-b3ad-4bfb-9c13-eff6f93990a3', 1, 123) ON CONFLICT DO NOTHING;
INSERT INTO scores (id, team_slot_id, game_number, score) VALUES ('a9d4d33f-d2ff-4672-a268-9f47113e1df1', 'a89edab2-b3ad-4bfb-9c13-eff6f93990a3', 2, 122) ON CONFLICT DO NOTHING;
INSERT INTO scores (id, team_slot_id, game_number, score) VALUES ('1546f823-11dc-4816-9257-07982a05e02f', '19f44882-a996-46ed-948d-298dda7b1090', 1, 124) ON CONFLICT DO NOTHING;
INSERT INTO scores (id, team_slot_id, game_number, score) VALUES ('7a3893d7-efd2-4afd-9eda-b67e12fa3b1b', '19f44882-a996-46ed-948d-298dda7b1090', 2, 152) ON CONFLICT DO NOTHING;
INSERT INTO scores (id, team_slot_id, game_number, score) VALUES ('fbd25a59-e7fb-4a73-839d-e3a958a03914', 'c516cc82-fbd8-4e2c-8c25-298dd2efc74b', 1, 126) ON CONFLICT DO NOTHING;
INSERT INTO scores (id, team_slot_id, game_number, score) VALUES ('72006ab1-cdcc-4f85-b1da-d53d37d9ef16', 'c516cc82-fbd8-4e2c-8c25-298dd2efc74b', 2, 77) ON CONFLICT DO NOTHING;
INSERT INTO scores (id, team_slot_id, game_number, score) VALUES ('b5f16352-935e-4f79-80a5-fca33795cd74', 'b78f312c-e596-4901-9525-86933a3f8759', 1, 116) ON CONFLICT DO NOTHING;
INSERT INTO scores (id, team_slot_id, game_number, score) VALUES ('432df45b-05d4-4b4e-babb-276bfe9e4eb8', 'b78f312c-e596-4901-9525-86933a3f8759', 2, 133) ON CONFLICT DO NOTHING;

-- season_champions
INSERT INTO season_champions (id, season_id, player_id) VALUES ('6f0b1d18-9660-40b7-bda3-daca879c006b', 1, 'e19c900a-4678-479a-b883-724877cbc6f4') ON CONFLICT DO NOTHING;
INSERT INTO season_champions (id, season_id, player_id) VALUES ('42a38ba5-6ada-42b4-a108-fa56c79aa877', 1, '0f0c43b3-80fc-432a-afc5-aadd767043b8') ON CONFLICT DO NOTHING;
INSERT INTO season_champions (id, season_id, player_id) VALUES ('c22949de-8dce-4e04-9394-d001df6acd42', 1, '181b08ca-e59b-4b3c-b5ef-eb77a46365e8') ON CONFLICT DO NOTHING;